"","d1","d2","d3","d4","d5"
"1","Melody Music Centre ","104 Pitt St, Cornwall, ON K6J 3P4Get directions »","613-209-3242Primary",NA,"5/5"
"2","Music Box Music Department ","108 Third Ave, Timmins, ON P4N 1C3Get directions »","1-866-740-8821Primary","www.themusicboxtimmins.com","1/5"
"3","Encore Records Limited ","206-301 King St E, Kitchener, ON N2G 2L2Get directions »","226-243-5592Primary","www.encorerecords.ca","4/5"
"4","House of Chords - Music Centre ","723 Main St E, Milton, ON L9T 3Z3Get directions »","905-878-1800Primary","www.houseofchords.ca","5/5"
"5","Domenics Academy Of Music ","2297 Promenade St Joseph, Ottawa, ON K1C 1E7Get directions »","613-319-6212Primary",NA,"5/5"
"6","Northland Music ","312 Queen St E, Sault Ste Marie, ON P6A 1Z1Get directions »","705-254-1756Primary",NA,NA
"7","Picker's Alley ","430 Exmouth St, Sarnia, ON N7T 5N9Get directions »","519-344-7740Primary",NA,NA
"8","Ryson's United Studios Of Music Inc ","5 Court St, St Catharines, ON L2R 4R3Get directions »","905-682-7219Primary",NA,"4.2/5"
"9","Picker's Alley ","character(0)","1-877-763-9325Primary","www.pickersalley.com",NA
"10","Anydos ","1050 Stainton Dr, Mississauga, ON L5C 2T7Get directions »","416-509-7013Primary",NA,NA
"11","Granata Music Ltd ","18-1568 Merivale Rd, Nepean, ON K2G 5Y7Get directions »","613-727-0727Primary",NA,"4.2/5"
"12","Pro Music ","5051 Highway 7, Unionville, ON L3R 1N3Get directions »","905-479-5800Primary","www.pro-music.ca","1/5"
"13","Class Axe Guitars ","288 County Road 44, Kemptville, ON K0G 1J0Get directions »","613-258-9119Primary, 613-258-4186Fax","www.classaxe.ca",NA
"14","Speed City Records ","294 Springbank Dr, London, ON N6J 1E9Get directions »","519-858-2680Primary","www.speedcityrecords.com",NA
"15","Cosmic Daves Vinyl Emporium ","595 Kathleen St, Sudbury, ON P3C 2N4Get directions »","705-222-9387Primary",NA,NA
"16","Cosmo Music Company Ltd ","10 via Renzo Dr, Richmond Hill, ON L4S 0B6Get directions »","905-770-5222Primary, 1-800-463-3000Tollfree","cosmomusic.ca","3.4/5"
"17","The Rad Zone ","625 Trunk Rd, Sault Ste Marie, ON P6A 3T1Get directions »","705-945-0911Primary",NA,NA
"18","Walters Music Centre ","905 Britannia Rd W, Mississauga, ON L5V 2X8Get directions »","905-542-0099Primary",NA,NA
"19","Performance Studios ","595 St George St E, Fergus, ON N1M 1L1Get directions »","519-843-3517Primary",NA,"5/5"
"20","QY String ","3550 Victoria Park Ave, North York, ON M2H 2N5Get directions »","416-490-9379Primary",NA,"5/5"
"21","Buy 'n' Sell ","6-509 Wilson Ave, Kitchener, ON N2C 2M4Get directions »","226-243-2310Primary, 519-894-3339Fax","www.buy-n-sell.ca","3.8/5"
"22","Cithara Guitars Inc ","ON","519-806-8888Primary","www.citharaguitars.com",NA
"23","Spirit Drums ","155909 7th Line, Markdale, ON N0C 1H0Get directions »","416-795-1320Primary","www.spiritdrums432.com",NA
"24","Bob's Music Plus ","105 Pembroke St W, Pembroke, ON K8A 5M7Get directions »","613-732-3454Primary",NA,"5/5"
"25","Looney Tunes ","91 Plains Rd E, Burlington, ON L7T 2C2Get directions »","1-844-452-3237Primary",NA,NA
"26","Orange Monkey Music ","5 Princess St W, Waterloo, ON N2L 2X7Get directions »","519-886-0939Primary","www.orangemonkeymusic.com","4.2/5"
"27","Drummer's Hangout ","15483 Yonge St, Aurora, ON L4G 1P3Get directions »","905-503-7300Primary","www.drummershangout.ca","4/5"
"28","Dr Disc Records Inc. ","471 Ouellette Ave, Windsor, ON N9A 4J2Get directions »","519-253-9744Primary",NA,"5/5"
"29","Tecumseh Music Centre ","2-13126 Tecumseh Rd E, Windsor, ON N8N 3T6Get directions »","519-979-8810Primary","www.tecumsehmusic.com",NA
"30","Ray Perrier Music ","29 Balsam St S, Timmins, ON P4N 2C7Get directions »","705-267-3865Primary","www.rpmusic.ca","3.2/5"
"31","Stardust Records ","124 Ottawa St N, Hamilton, ON L8H 3Z1Get directions »","905-545-4011Primary",NA,NA
"32","Cripple Creek Music ","15 Chaffey St, Huntsville, ON P1H 1H4Get directions »","705-789-1112Primary","cripplecreekmusic.ca",NA
"33","Vinyl Destination ","107 Brock Street West, Merrickville, ON K0G 1N0Get directions »","647-225-8815Primary","www.vinyldestination.ca","5/5"
"34","Maars Music ","21-869 Chemong Rd, Peterborough, ON K9H 5Z5Get directions »","705-243-9964Primary","www.maarsmusic.com","5/5"
"35","Deja Vu Discs ","400 King St W, Oshawa, ON L1J 2J9Get directions »","905-438-0458Primary",NA,NA
"36","Deja Vu Discs ","15-75 Bayly St W, Ajax, ON L1S 7L7Get directions »","905-427-7613Primary",NA,NA
"37","Deja Vu Discs ","26 William Kitchen Rd, Toronto, ON M1P 5B7Get directions »","416-332-1722Primary",NA,NA
"38","Exeter Music Centre ","342 Main St N SS 3, Exeter, ON N0M 1S3Get directions »","519-235-1263Primary","www.exetermusic.com","5/5"
"39","The Music Stand ","14 Hester St, Hamilton, ON L9A 2N2Get directions »","289-769-4218Primary",NA,NA
"40","Rideau River Music ","11 Main St W, Smiths Falls, ON K7A 1M4Get directions »","613-706-2229Primary","www.rideaurivermusic.ca",NA
"41","Music World Academy Ltd ","443 Simpson St, Thunder Bay, ON P7C 3J3Get directions »","807-700-1321Primary, 1-844-724-8560Tollfree, 807-622-6595Fax","www.musicworldacademy.com","4/5"
"42","Hock Shop ","409 George St N, Peterborough, ON K9H 3R4Get directions »","705-741-2274Primary",NA,"5/5"
"43","Allegro Music ","2043 Avenue Rd, North York, ON M5M 4A7Get directions »","416-483-7203Primary",NA,NA
"44","TNT Pawn Shop ","455 Notre Dame Ave, Sudbury, ON P3C 5K9Get directions »","705-675-3000Primary",NA,NA
"45","van Goozen Music ","115 Mitton St S, Sarnia, ON N7T 3C5Get directions »","519-344-2319Primary",NA,NA
"46","Case's Music ","636 Queen St E, Sault Ste Marie, ON P6A 2A4Get directions »","705-256-7388Primary","www.casesmusic.ca","5/5"
"47","Spacek's ","8 Circle, Kapuskasing, ON P5N 1T3Get directions »","705-335-3460Primary",NA,NA
"48","L'Intro Musique ","11 rue Sainte-Anne, Ville-Marie, QC J9V 2B6Get directions »","819-622-1132Primary, 819-622-1328Fax","www.lintro.e-monsite.com",NA
"49","Rockwell Music & Pawns ","257 Main Street East, North Bay, ON P1B 1B2Get directions »","705-478-0924Primary","www.facebook.com","5/5"
"50","Comix Plus & Music Exchange ","186 Algoma St S, Thunder Bay, ON P7B 3B9Get directions »","807-345-5700Primary",NA,NA
"51","Steve's Music Store ","415 Queen St W, Toronto, ON M5V 2A5Get directions »","416-593-8888Primary, 416-591-6735Fax","www.stevesmusic.com","4/5"
"52","Steve's Music Store ","308 Rideau St, Ottawa, ON K1N 5Y5Get directions »","613-789-1131Primary, 613-789-4322Fax",NA,"4/5"
"53","Remenyi House Of Music ","210 Bloor St W, Toronto, ON M5S 1T8Get directions »","416-961-3111Primary, 1-800-667-6925Tollfree, 416-961-3949Fax","www.remenyi.com",NA
"54","Stereo Plus-Audio Video Centre ","187 King St, Sturgeon Falls, ON P2B 1R6Get directions »","705-753-0832Primary",NA,NA
"55","Grooves ","236 Dundas St, London, ON N6A 1H3Get directions »","519-640-6714Primary","www.groovesrecordstore.com",NA
"56","JamSchool ","225 Hanlon Creek Blvd, Guelph, ON N1C 0A1Get directions »","519-836-8526Primary","www.jamschool.com",NA
"57","Absolute Music ","945 Upper James St, Hamilton, ON L9C 3A6Get directions »","905-318-7447Primary, 905-318-9229Fax","www.absolutemusic.ca","5/5"
"58","Guelph Music ","20 Carden St, Guelph, ON N1H 3A2Get directions »","519-836-3199Primary","www.guelphmusic.com",NA
"59","Cosmos Records ","607A Queen St W, Toronto, ON M5V 2B7Get directions »","416-603-0254Primary","cosmosrecords.ca",NA
"60","Folkway Music ","22 Dupont St E, Waterloo, ON N2J 2G9Get directions »","519-772-0424Primary",NA,NA
"61","Ring Music ","90 Harbord St, Toronto, ON M5S 1G5Get directions »","416-924-3571Primary","www.ringmusic.com","5/5"
"62","Gilbert Guitars ","68 Mississaga St E, Orillia, ON L3V 1V5Get directions »","705-329-2913Primary",NA,NA
"63","Music Workshop ","3-59 Court St N, Thunder Bay, ON P7A 4T6Get directions »","807-622-1841Primary","www.musicworkshopdirect.com","5/5"
"64","Guitar Nuts ","15 Station St RR 1, Bancroft, ON K0L 1C0Get directions »","613-332-6444Primary","guitarnuts.ca",NA
"65","The Sound Post ","319 Catherine St, Ottawa, ON K1R 5T4Get directions »","613-422-4415Primary",NA,NA
"66","Log Cabin Yarns ","12 Peterson Rd, Northbrook, ON K0H 2G0Get directions »","613-336-3385Primary, 613-336-9330Fax",NA,NA
"67","Dr Disc Records Inc. ","471 Ouellette Ave, Windsor, ON N9A 4J2Get directions »","519-253-9744Primary",NA,"5/5"
"68","Speed City Records ","294 Springbank Dr, London, ON N6J 1E9Get directions »","519-858-2680Primary","www.speedcityrecords.com",NA
"69","Performance Studios ","595 St George St E, Fergus, ON N1M 1L1Get directions »","519-843-3517Primary",NA,"5/5"
"70","Buy 'n' Sell ","6-509 Wilson Ave, Kitchener, ON N2C 2M4Get directions »","226-243-2310Primary, 519-894-3339Fax","www.buy-n-sell.ca","3.8/5"
"71","Frank's Music Centre ","75 King St W, Chatham, ON N7M 1C7Get directions »","519-352-7370Primary","www.facebook.com","5/5"
"72","A & R Music ","401 Durham St E, Walkerton, ON N0G 2V0Get directions »","519-507-5550Primary",NA,NA
"73","Algoma Conservatory Of Music ","75 Huron St, Sault Ste Marie, ON P6A 5P4Get directions »","705-253-4373Primary","www.algomaconservatory.com",NA
"74","Dr Disc (Hamilton) Inc ","20 Wilson St, Hamilton, ON L8R 1C5Get directions »","905-523-1010Primary","www.drdisc.ca",NA
"75","The Arts Music Store ","274 Eagle Street, Newmarket, ON L3Y 1K1Get directions »","905-898-7164Primary, 1-888-798-7164Tollfree, 905-898-2576Fax",NA,NA
"76","Wrona's House Of Violins ","907 Escarpment Dr","716-297-2263Primary","www.facebook.com",NA
"77","Big Ed's Furniture & Consignment House Ltd ","60 Algoma St S, Thunder Bay, ON P7B 3A9Get directions »","807-344-3777Primary",NA,"2.3/5"
"78","Long & McQuade Music ","139 Charing Cross St, Brantford, ON N3R 2J3Get directions »","519-753-6804Primary","www.facebook.com",NA
"79","Gstringcustom ","3512 Errington Ave, Chelmsford, ON P0M 1L0Get directions »","705-670-2813Primary","gstringcustom.ca",NA
"80","Sunrise Record ","1349 Lasalle Blvd, Sudbury, ON P3A 1Z2Get directions »","705-525-0262Primary",NA,NA
"81","Long & McQuade Musical Instruments ","255 King St, Sudbury, ON P3C 2W2Get directions »","705-673-7135Primary, 1-888-691-2366Tollfree, 705-673-7359Fax",NA,"5/5"
"82","Records on Wheels ","107 Durham St, Sudbury, ON P3E 3M9Get directions »","705-675-6617Primary",NA,NA
"83","Cosmic Dave's Guitar Emporium ","420 Elgin St, Sudbury, ON P3B 1B2Get directions »","705-222-6862Primary","cosmicdavesguitaremporium.com",NA
"84","Guitar Clinic ","15 Tuddenham Ave, Sudbury, ON P3C 3E9Get directions »","705-671-1876Primary",NA,NA
"85","SoundChek Music ","12 Whitewood Ave W, New Liskeard, ON P0J 1P0Get directions »","705-647-3136Primary",NA,NA
"86","Octave Music ","Cedar Pointe Plaza, Sudbury, ON P3E 3Z9Get directions »","705-522-9333Primary","www.octavemusicrocks.com",NA
"87","Dan Chassé - Live Event Providers ","13 William Ave, Lively, ON P3Y 1E7Get directions »","705-677-4903Primary","danchasseinc.ca",NA
"88","sunrise records ","1500 Riverside Dr, Timmins, ON P4R 1A1Get directions »","705-531-5384Primary",NA,NA
"89","sunrise records ","1500 Riverside Dr, Timmins, ON P4R 1A1Get directions »","705-531-5346Primary",NA,NA
"90","DBSL Pro Sound & Lighting ","141C Golf Club Rd, North Bay, ON P1B 8X7Get directions »","705-474-9821Primary","www.dbslprosound.com",NA
"91","Cheap Thrills ","2025 Algonquin Ave, North Bay, ON P1B 4Z3Get directions »","705-494-9980Primary",NA,NA
"92","Repercussion Drumshop ","354 Algonquin Ave, North Bay, ON P1B 4W3Get directions »","705-840-8402Primary",NA,NA
"93","Music City ","221 Algonquin Ave, North Bay, ON P1B 4V8Get directions »","705-472-9907Primary, 1-877-895-9411Tollfree","www.music-city.ca","5/5"
"94","CA Guitar Shop ","174 Oak St W, North Bay, ON P1B 2S7Get directions »","705-492-6393Primary",NA,NA
"95","Waxman Records ","106 Main St W, North Bay, ON P1B 2T5Get directions »","705-474-9966Primary",NA,NA
"96","Sunrise Records (1993) Inc ","1500 Fisher St, North Bay, ON P1B 2H3Get directions »","705-495-4017Primary",NA,NA
"97","Callander Bay Records ","5B Main St S, Callander, ON P0H 1H0Get directions »","705-713-0222Primary",NA,NA
"98","Sights & Sounds ","160 Ontario Ave, Elliot Lake, ON P5A 1Y3Get directions »","705-848-8253Primary",NA,NA
"99","North Channel Music ","122 Ontario Ave, Elliot Lake, ON P5A 1Y2Get directions »","705-848-0986Primary",NA,NA
"100","Harley's Music Shop ","8 Margaret St, Parry Sound, ON P2A 2B1Get directions »","705-746-9460Primary",NA,NA
"101","Long & McQuade ","505 Albert St E, Sault Ste. Marie, ON P6A 2K3Get directions »","705-946-1981Primary","thomaswallsmusic.com",NA
"102","Rockin Vinyl Records ","415 Northland Rd, Sault Ste Marie, ON P6C 3N5Get directions »","705-256-6383Primary",NA,NA
"103","Rockin Vinyl Records & Collectibles ","352 Wellington St W, Sault Ste Marie, ON P6A 1J1Get directions »","705-255-1404Primary",NA,"4.5/5"
"104","Johnny Drums & More ","100 Main St, Penetanguishene, ON L9M 1T5Get directions »","705-549-9300Primary","www.johnmarrocco.ca",NA
"105","Johnstone's Music Land ","280 King St, Midland, ON L4R 3M6Get directions »","705-526-7821Primary","www.shopmidland.com","5/5"
"106","Randy's Records Cd's & Tapes ","270 8th St E, Owen Sound, ON N4K 1L1Get directions »","519-371-9332Primary",NA,NA
"107","Long & McQuade Musical Instruments ","704 6th Street E, Owen Sound, ON N4K 1G7Get directions »","519-371-9662Primary, 519-371-4092Fax",NA,"5/5"
"108","Cloutier Musical Instruments ","123 Hurontario St, Collingwood, ON L9Y 2L9Get directions »","705-446-6837Primary",NA,NA
"109","Blue Mountain Music ","127 Hurontario St, Collingwood, ON L9Y 2L9Get directions »","705-445-5500Primary","www.bluemountainmusic.ca",NA
"110","Joe's Music ","9849 Beachwood Rd, Collingwood, ON L9Y 3Z1Get directions »","705-445-8238Primary","www.joesstore.ca",NA
"111","Alleycats Music And Art ","95 Mississaga St E, Orillia, ON L3V 1V6Get directions »","705-329-1339Primary","alleycatsmusic.com",NA
"112","True North Music ","18 Mississaga St E, Orillia, ON L3V 1V5Get directions »","705-329-0000Primary","www.truenorthmusic.com",NA
"113","Blackboard Sound ","652 Goderich St, Port Elgin, ON N0H 2C0Get directions »","226-453-2148Primary","blackboardsound.com","4.2/5"
"114","Sunrise Records ","320 Bayfield St, Barrie, ON L4M 3C1Get directions »","705-730-5680Primary","bayfieldmall.ca",NA
"115","BJ's Records ","13 Clapperton St, Barrie, ON L4M 3E4Get directions »","705-737-3031Primary","www.bjrecords.com","5/5"
"116","The Disc Depot ","27 Dunlop St W, Barrie, ON L4N 1A1Get directions »","705-726-7317Primary","www.artifact.ca",NA
"117","Reid Larry ","284 Dunlop St W, Barrie, ON L4N 1B9Get directions »","705-443-2351Primary",NA,NA
"118","Keenans Music Store ","4 Cedar Pointe Dr, Barrie, ON L4N 5R7Get directions »","705-737-3572Primary",NA,NA
"119","Larry Rogers Piano Tuner & Technician ","28 Bury's Green Road, Fenelon Falls, ON K0M 1N0Get directions »","705-887-6210Primary","www.pianodoc.ca",NA
"120","Sphere Works-Music Plus ","148 Garafraxa St S, ON N0G 1R0Get directions »","519-369-1547Primary",NA,NA
"121","Marlene Voisin, Broker of Record ","120 Jackson St S, Walkerton, ON N0G 2V0Get directions »","519-881-8801Primary, 519-881-1894Fax, 519-881-2551Alternate 1",NA,NA
"122","Cancussion ","749 Baird St, Kincardine, ON N2Z 1M3Get directions »","519-396-8595Primary",NA,NA
"123","Connors Music ","201 The Queensway S, Keswick, ON L4P 2A3Get directions »","905-476-3712Primary",NA,NA
"124","Van Halteren's Music Centre ","8 Wellington St, Lindsay, ON K9V 3N1Get directions »","705-324-2111Primary","www.vhmc.ca","3/5"
"125","Iceman Video Games ","111 Kent St W, Lindsay, ON K9V 2Y5Get directions »","705-328-3666Primary, 1-877-331-3666Tollfree",NA,"3.6/5"
"126","A Buy & Sell Shop ","31 Kent St W, Lindsay, ON K9V 2X9Get directions »","705-340-5152Primary","abuyandsellshop.ca",NA
"127","Flindall Guitars ","149 Shanagarry Dr Rr 2, Ennismore, ON K0L 1T0Get directions »","705-931-1432Primary",NA,NA
"128","The Piano Studio ","17665 Leslie St, Newmarket, ON L3Y 3E3Get directions »","905-895-1844Primary","www.thepianostudio.com",NA
"129","Wilson Music Services ","750 Lowell Ave, Newmarket, ON L3Y 1T5Get directions »","905-853-5082Primary","wilsonmusic.ca",NA
"130","Sunrise Records ","17600 Yonge, Newmarket, ON L3Y 4Z1Get directions »","905-953-9881Primary",NA,NA
"131","Broadway Convenience ","85 Broadway Ave, Orangeville, ON L9W 1K1Get directions »","519-940-0294Primary","www.facebook.com",NA
"132","Cranetrax ","925 Fairbairn St, Peterborough, ON K9K 1B8Get directions »","705-740-0881Primary",NA,NA
"133","McNelly Guitars ","716 Tully Cres, Peterborough, ON K9K 0A8Get directions »","705-991-1523Primary",NA,NA
"134","Bluestreak Records ","444 George St N, Peterborough, ON K9H 3R7Get directions »","705-742-6078Primary",NA,NA
"135","Accademia Musica ","2411 Mountland Dr, Peterborough, ON K9K 1V8Get directions »","705-743-2457Primary",NA,NA
"136","Alexander James Guitars ","3137 Westridge Blvd, Peterborough, ON K9K 1Z5Get directions »","705-741-1046Primary",NA,NA
"137","The Guitar Boutique ","252 Ski Hill Rd, Bethany, ON L0A 1A0Get directions »","705-277-9497Primary",NA,NA
"138","Long & McQuade Musical Instruments ","129 Aylmer St N, Peterborough, ON K9J 3K7Get directions »","705-742-5332Primary, 705-742-0335Fax","www.long-mcquade.com","3.9/5"
"139","Fox Guitars ","11-280 Perry St, Peterborough, ON K9J 2J4Get directions »","905-373-9801Primary",NA,NA
"140","Arcana Editions ","227 Douro First Line Rr 12, Douro-Dummer, ON K0L 2B0Get directions »","705-652-0446Primary",NA,NA
"141","Music 21 ","301 Queen S, Bolton, ON L7E 2B2Get directions »","905-857-2121Primary","www.music21.ca",NA
"142","Arcadia Academy Of Music Bolton ","12 Parr, ON L7E 4E3Get directions »","905-857-1221Primary","www.arcadiamusicacademy.com",NA
"143","Suruthilaya ","9889 Hwy 48, Markham, ON L6E 0B7Get directions »","905-294-6499Primary",NA,NA
"144","Selinger Music ","208 Main St W, Listowel, ON N4W 1A1Get directions »","519-291-7665Primary","www.listowellegends.com",NA
"145","Remenyi House of Music ","6-1455 16th Ave, Richmond Hill, ON L4B 4W5Get directions »","905-881-3400Primary",NA,NA
"146","House of Raga ","24 The Bridle Trail, Unionville, ON L3R 4E9Get directions »","416-452-6491Primary, 1-877-817-7141Tollfree, 905-752-1192Alternate 1","www.houseofraga.net",NA
"147","Merriam Music ","75-3175 Rutherford Rd, Vaughan, ON L4K 5Y6Get directions »","905-660-9503Primary","www.merriammusic.com","5/5"
"148","Sunrise Records ","1 Bass Pro Mills Dr, Vaughan, ON L4K 5W4Get directions »","905-669-7029Primary",NA,NA
"149","Carlaw Conservatory Of Music ","113 Main St, Markham, ON L3P 1X9Get directions »","905-294-5517Primary","carlawconservatoryofmusic.com",NA
"150","Bellissimo Custom Guitars ","12420 Bramalea Rd, Caledon East, ON L7C 2P2Get directions »","905-843-9334Primary","www.bellissimocustomguitars.com",NA
"151","Sanremo Records ","3650 Langstaff Rd, Woodbridge, ON L4L 9A8Get directions »","905-850-3111Primary",NA,NA
"152","Greek CS Discounts ","8111 Yonge St, Thornhill, ON L3T 4V9Get directions »","905-771-7206Primary",NA,NA
"153","Long & McQuade Musical Instruments ","9833 Markham Rd, Markham, ON L3P 3J3Get directions »","905-209-1177Primary, 905-209-1463Fax","long-mcquade.com",NA
"154","ACCEO Smart Vendor ","80 Citizen Crt, Markham, ON L6G 1A7Get directions »","905-477-4747Primary, 1-800-265-8601Tollfree, 1-800-561-0500Alternate 1","www.vendorware.com","3/5"
"155","Yamaha Commercial Audio Tech Support ","80 Citizen Crt, Markham, ON L6G 1A7Get directions »","905-944-2609Primary","yamahacommercialaudiosystems.com",NA
"156","Sarosh Musical Instruments ","2 Angelucci Dr, Brampton, ON L6P 1G6Get directions »","416-569-6178Primary",NA,NA
"157","TOS Ltd ","2770 14th Ave, Markham, ON L3R 0J1Get directions »","905-474-3575Primary","www.tosltd.com",NA
"158","Harknett Musical Services Ltd ","2650 John St, Markham, ON L3R 2W6Get directions »","905-477-1142Primary","www.harknettmusic.com",NA
"159","Steinway Piano Gallery of Toronto ","8-2651 John St, Markham, ON L3R 2W5Get directions »","905-940-5397Primary, 1-888-399-5397Tollfree","steinwaypianogallery.ca",NA
"160","Drumland Inc ","4585 Hwy 7, Woodbridge, ON L4L 1S6Get directions »","905-856-2135Primary","www.drumland.com",NA
"161","Power City ","8-151 Esna Park Dr, Markham, ON L3R 3B1Get directions »","905-604-4146Primary",NA,NA
"162","Hanway Music ","18-400 Esna Park Dr, Markham, ON L3R 3K2Get directions »","647-607-8901Primary","www.hwmusic.ca",NA
"163","Pineapple Records ","44 Chatterson St, Whitby, ON L1R 0B3Get directions »","905-442-4650Primary","twitter.com",NA
"164","Lifeline ","2100 Bovaird Dr E, Brampton, ON L6R 3J7Get directions »","905-494-6605Primary",NA,NA
"165","Island Music Shop ","13 Woodsmere Crt, Brampton, ON L6R 1V3Get directions »","416-786-2235Primary",NA,NA
"166","C.D.M.V. Inc ","6-1925 Williams Pky, Brampton, ON L6S 2M3Get directions »","647-461-1415Primary",NA,NA
"167","Excel Med Services Inc ","1-15 Barnes Crt, Brampton, ON L7A 1J1Get directions »","289-632-1095Primary",NA,NA
"168","Sharpsurg Instruments ","15 Upwood Pl, Brampton, ON L6R 1T3Get directions »","647-470-4234Primary",NA,NA
"169","Long & McQuade ","2777 Steeles Ave W, North York, ON M3J 3K5Get directions »","416-663-8683Primary",NA,NA
"170","Long & McQuade Musical Instruments ","2777 Steeles Ave W, North York, ON M3J 3K5Get directions »","416-663-8612Primary, 416-663-8683Fax",NA,NA
"171","Deja Vu Discs ","2181 Steeles Ave W, North York, ON M3J 3N2Get directions »","905-636-3472Primary",NA,NA
"172","Sunshine Records ","4069 Gordon Baker Rd, Scarborough, ON M1W 2P3Get directions »","416-494-8467Primary",NA,NA
"173","Long & Mcquade Ltd ","902 Simcoe St N, Oshawa, ON L1G 4W2Get directions »","905-438-8118Primary",NA,NA
"174","Long & McQuade Musical Instruments ","902 Simcoe St N, Oshawa, ON L1G 4W2Get directions »","905-434-1612Primary, 905-725-1501Fax",NA,"4/5"
"175","The Vinyl Company Inc ","700 Fenmar Dr, North York, ON M9L 1R7Get directions »","416-742-7905Primary","www.thevinylco.com",NA
"176","Academic Pianos ","161 Dolomite Dr, North York, ON M3J 2N1Get directions »","416-663-5424Primary",NA,NA
"177","Dave's Guitar Repair ","904 Lavis Crt, Oshawa, ON L1K 1W1Get directions »","519-377-5593Primary","www.davesguitarrepair.com",NA
"178","Alice's Piano Studio ","66 Pappain Cres, Brampton, ON L7A 3J6Get directions »","416-799-4363Primary",NA,NA
"179","Medelectronics Inc ","1703-300 Antibes Dr, North York, ON M2R 3N8Get directions »","416-736-6212Primary",NA,NA
"180","Royal Clark Enterprises Inc ","25 Marathon Cres, North York, ON M2R 2L6Get directions »","416-730-8153Primary",NA,NA
"181","Medihealth-Service And Distribution Systems Inc ","343 Drewry Ave, North York, ON M2M 1E6Get directions »","416-807-4676Primary",NA,NA
"182","Instrumental Imaging ","800 Rossland Rd E, Oshawa, ON L1K 1R3Get directions »","905-706-1950Primary",NA,NA
"183","A2Z Guitar Repairs ","23 Boake St, North York, ON M3J 0B8Get directions »","905-960-5915Primary","a2zguitarrepairs.wixsite.com",NA
"184","Samuelson Music ","59 Banstock Dr, North York, ON M2K 2H7Get directions »","416-733-4088Primary",NA,NA
"185","Music Of May Ltd ","63 Silver Star Blvd, Scarborough, ON M1V 5E5Get directions »","416-754-2228Primary",NA,NA
"186","Antonypillai Antonypillai ","37 Tawn Cres, Ajax, ON L1Z 1H9Get directions »","905-686-9910Primary",NA,NA
"187","Trenz'N Video ","22-1290 Finch Ave W, North York, ON M3J 3K3Get directions »","416-736-1940Primary",NA,NA
"188","Samanthas Video & Textile ","1-1270 Finch Ave W, North York, ON M3J 3J7Get directions »","416-736-7252Primary",NA,NA
"189","Long & McQuade Musical Instruments ","1887 Kingston Rd, Pickering, ON L1V 1C9Get directions »","905-686-4900Primary","long-mcquade.com",NA
"190","Al-Shafaque International Corporation ","50 Simmons Blvd Floor 1, Brampton, ON L6V 3V6Get directions »","647-868-0573Primary",NA,NA
"191","El-Mar Inc. ","48 Evanston Dr, North York, ON M3H 5P3Get directions »","416-633-4507Primary",NA,NA
"192","Sunny Vinyl Inc ","8550 Torbram Rd, Brampton, ON L6T 5C8Get directions »","905-791-0005Primary",NA,NA
"193","Mikrokosmos Inc ","314 Churchill Ave, North York, ON M2R 1E7Get directions »","416-224-1956Primary, 416-224-2964Fax","www.mikrokosmos.com",NA
"194","M4U Music Booth ","53 Parkhurst Sq, Brampton, ON L6T 5H5Get directions »","416-301-3576Primary",NA,NA
"195","Ganan Videos ","2551 Warden Ave, Scarborough, ON M1W 2H5Get directions »","416-495-7517Primary",NA,NA
"196","Kamal Asian Video ","1-4025 Brandon Gate Dr, (Suite B), Mississauga, ON L4T 3Z9Get directions »","905-678-2937Primary",NA,NA
"197","The Guitar Boutique ","601 Dundas St W, Whitby, ON L1N 2N3Get directions »","905-668-7210Primary",NA,NA
"198","Tundra Music ","4-1121 Dundas St E, Whitby, ON L1N 2K4Get directions »","905-493-5000Primary",NA,NA
"199","Wilson & Lee Music Store ","87 Simcoe St N, Oshawa, ON L1G 4S3Get directions »","905-725-4706Primary, 905-725-4802Fax","www.wilsonandlee.ca",NA
"200","Mediwin Medical Supplies Inc ","184 Betty Ann Dr, North York, ON M2N 1X6Get directions »","416-225-5851Primary",NA,NA
"201","Sunrise Records ","25 Peel Centre Dr, Brampton, ON L6T 3R5Get directions »","905-793-0488Primary",NA,NA
"202","G & G Audio And Video ","19 SimcOe St N, Oshawa, ON L1G 4R7Get directions »","416-402-4805Primary",NA,NA
"203","Lachini Media ","1502-8 Hillcrest Ave, North York, ON M2N 6Y6Get directions »","416-250-8588Primary",NA,NA
"204","Continental Records Co Ltd ","Thomas PO Box 2665 Stn B, Brampton, ON L6T 5M6Get directions »","905-813-9544Primary","www.gocontinental.com",NA
"205","Guitar Gas Company ","250 Rimrock Rd, North York, ON M3J 3A6Get directions »","1-877-727-4196Primary",NA,NA
"206","Hollywood Hits Video ","80 Thickson Rd S, Whitby, ON L1N 7T2Get directions »","905-666-1702Primary",NA,NA
"207","Punjab Video & Audio ","2654 Islington Ave, Etobicoke, ON M9V 2X5Get directions »","416-746-8623Primary",NA,NA
"208","Jack'T Customs ","313 Athol St E, Oshawa, ON L1H 1K7Get directions »","289-923-0655Primary",NA,NA
"209","Urban Vision Films ","15 Silver Egret Rd, Brampton, ON L7A 3P4Get directions »","647-389-6999Primary",NA,NA
"210","Hexyoo Scientific Inc ","3-27 Casebridge Crt, Scarborough, ON M1B 4Y4Get directions »","416-818-3987Primary",NA,NA
"211","Music Book Now ","169 Willowdale Ave, North York, ON M2N 4Y7Get directions »","416-224-5858Primary",NA,NA
"212","Sunrise Records ","1355 Kingston, Pick, L1V 1B8Get directions »","905-420-7069Primary",NA,NA
"213","Cinema 1 ","236-1800 Sheppard Ave E, North York, ON M2J 5A7Get directions »","416-497-1368Primary",NA,NA
"214","Sunrise Records ","1800 SheppardAvE, North York, ON M2J 5A7Get directions »","416-494-9563Primary",NA,NA
"215","K & M Productions Corporate Special Event Planners ","1800 Valley Farm Rd, Pickering, ON L1V 3W3Get directions »","905-831-0404Primary","www.facebook.com",NA
"216","Harmonicatz Music ","154 SimcOe St S, Oshawa, ON L1H 4G9Get directions »","905-579-4115Primary",NA,NA
"217","Star Records ","148 Simcoe St S, Oshawa, ON L1H 4G9Get directions »","905-723-0040Primary",NA,NA
"218","Kops Records ","148 Simcoe St S, Oshawa, ON L1H 4G9Get directions »","289-240-8523Primary",NA,NA
"219","Just Drums ","137 Willowdale Ave, North York, ON M2N 4Y3Get directions »","416-226-1211Primary",NA,"5/5"
"220","Henrys Records ","130 Shorting Rd, Scarborough, ON M1S 3S6Get directions »","416-297-5585Primary","www.henrysrecords.org","4/5"
"221","Robbie D Beatz ","38 Beamsville Dr, Scarborough, ON M1T 3S2Get directions »","647-608-9232Primary","www.robbiedbeatz.com",NA
"222","Two Flags ","626 Sheppard Ave W, North York, ON M3H 2S1Get directions »","416-398-9155Primary",NA,NA
"223","Muzekality- Violin Instructor ","17 Kenaston Gdns, North York, ON M2K 0B9Get directions »","416-917-8923Primary",NA,NA
"224","Dg3 Investment & Trading Inc ","1101-20 Carabob Crt, Scarborough, ON M1T 3N1Get directions »","647-885-2687Primary",NA,NA
"225","Phyto-Genesis Inc ","303-2347 Kennedy Rd, Scarborough, ON M1T 3T8Get directions »","416-882-8392Primary",NA,NA
"226","Sanremo Records ","ON M3L 2C3","416-743-4170Primary",NA,NA
"227","New Indo Pak Music And Paan ","31 Melanie Dr, Brampton, ON L6T 5H8Get directions »","905-458-0577Primary",NA,NA
"228","Toronto Trumpet Studio ","15 Trumpeter St, Scarborough, ON M1B 6J5Get directions »","416-574-2563Primary",NA,NA
"229","DJ Depot Jamaica ","20-2074 Steeles Ave E, Brampton, ON L6T 4Z9Get directions »","416-418-1467Primary",NA,NA
"230","DJ Depot Inc ","20-2074 Steeles Ave E, Brampton, ON L6T 4Z9Get directions »","905-792-9578Primary","djdepot.ca","5/5"
"231","Record Store Beaumont Mill (Glen Williams) Georgetown ","586 Main St, Glen Williams, ON L7G 3T6Get directions »","416-574-2427Primary","www.gamewornmusic.com","5/5"
"232","Event Cardio Group Inc ","2798 Thamesgate Dr, Mississauga, ON L4T 4E8Get directions »","289-407-4377Primary",NA,NA
"233","Long & McQuade Musical Instruments ","370 Main St N, Brampton, ON L6V 4A4Get directions »","905-450-4334Primary, 905-450-6935Fax","long-mcquade.com",NA
"234","Alex's CD World ","461 Park S, Oshawa, ON L1J 4H6Get directions »","905-728-5369Primary","www.alexscdworld.com",NA
"235","Onpharm Inc ","2891 Slough St, Mississauga, ON L4T 1G4Get directions »","905-673-0808Primary, 1-855-667-4276Tollfree",NA,NA
"236","Travelling Musician ","199 Queen St E, Brampton, ON L6W 2B3Get directions »","905-459-1100Primary",NA,NA
"237","Long And Mcquade Limited ","550 Granite Crt, Pickering, ON L1W 3Y8Get directions »","905-839-8816Primary","www.long-mcquade.com",NA
"238","Sunrise Records ","300 Borough Dr, Scarborough Town Ctr, Scarborough, ON M1P 4P5Get directions »","416-290-5841Primary",NA,NA
"239","Canam Aesthetic Inc ","7659 Bramalea Rd, Brampton, ON L6T 5V3Get directions »","647-620-2727Primary",NA,NA
"240","Musician's Choice Drummer's Choice ","71 West St, Brampton, ON L6X 1V8Get directions »","1-800-667-0658Primary",NA,NA
"241","Spin City Music ","75 Rylander Blvd, Scarborough, ON M1B 5M5Get directions »","416-282-4416Primary","www.spincitymusic.com",NA
"242","Fate Records Inc ","50 Viceroy Rd, Toronto, ONGet directions »","416-923-3283Primary",NA,NA
"243","Blue Bird Music Ltd ","360-620 Wilson Ave, North York, ON M3K 1Z3Get directions »","416-638-8207Primary",NA,NA
"244","Dotbangz Films ","80 Mornelle Crt, Scarborough, ON M1E 4P8Get directions »","647-783-3842Primary",NA,NA
"245","Long & McQuade Musical Instruments ","1133 Markham Rd, Scarborough, ON M1H 2Y5Get directions »","416-439-8001Primary, 416-439-4789Fax","long-mcquade.com","5/5"
"246","File Bank Records ","488 Carlingview Dr, Etobicoke, ON M9W 6M8Get directions »","416-679-9097Primary",NA,NA
"247","Melodia Records ","2625 Weston Rd, North York, ON M9N 3W2Get directions »","416-242-2616Primary",NA,NA
"248","Nyk Logistics (Americas) Inc ","3210 Airway Dr, Mississauga, ON L4V 1Y6Get directions »","905-671-4687Primary",NA,NA
"249","The Hands On Music Company ","39 Ontario St, Bowmanville, ON L1C 2S4Get directions »","905-623-7474Primary","www.handsonmusic.ca","5/5"
"250","Emi Music Canada ","3109 American Dr, Mississauga, ON L4V 0A2Get directions »","905-677-5050Primary",NA,NA
"251","P & N Medical Supplies Inc ","57 Weir Cres, Scarborough, ON M1E 3B2Get directions »","416-283-0323Primary",NA,NA
"252","Virgin Records Canada Inc ","3110 American Dr, Mississauga, ON L4V 1T2Get directions »","905-678-4488Primary",NA,NA
"253","Pine Cone Music ","360 Guelph St, Georgetown, ON L7G 4B5Get directions »","905-873-1000Primary","pineconemusic.com",NA
"254","Canmaaz Medical Supply ","3252 Lawrence Ave E, Scarborough, ON M1H 1A4Get directions »","647-478-9216Primary",NA,NA
"255","Sheeba Video ","559 Markham Rd, Scarborough, ON M1H 2A3Get directions »","416-439-1211Primary",NA,NA
"256","M&I Instruments ","7035 Maxwell Rd, Mississauga, ON L5S 1R5Get directions »","905-670-8243Primary","microinstruments.ca",NA
"257","Chords Canada ","62 Densley Ave, North York, ON M6M 5E1Get directions »","416-242-4967Primary, 1-877-924-6737Tollfree, 416-242-6819Fax","www.chordscanada.com","4/5"
"258","Footprint Music ","2601 Yonge St, Toronto, ON M4P 2J1Get directions »","416-792-6683Primary","www.footprintsmusic.ca",NA
"259","Bolgatti Furniture Inc ","593 Trethewey Dr, North York, ON M6M 4B8Get directions »","416-749-0550Primary",NA,"5/5"
"260","Triple A Music & Video ","200 Bellamy Rd N, Scarborough, ON M1J 2L6Get directions »","416-439-7407Primary",NA,NA
"261","Kumarans Video ","2805 Eglinton Ave E, Scarborough, ON M1J 2E1Get directions »","416-273-7340Primary",NA,NA
"262","Harmony ","711 Mount Pleasant Rd, Toronto, ON M4S 2N4Get directions »","416-440-1386Primary","www.harmony.ca",NA
"263","St John's Music ","109 Vanderhoof Ave, Toronto, ON M4G 2H7Get directions »","416-785-5000Primary, 1-800-387-8575Tollfree, 416-785-6300Fax",NA,NA
"264","Sunrise Records ","66 Eglinton Sq, Toronto, ON M1L 2K1Get directions »","416-755-3719Primary",NA,NA
"265","Ascensia Diabetes Care Canada Inc ","2920 Matheson Blvd E, Mississauga, ON L4W 5R6Get directions »","1-800-268-7200Primary",NA,NA
"266","Tutti Violini ","1560 Bayview Ave, Toronto, ON M4G 3B8Get directions »","416-486-5050Primary","www.tuttiviolini.com",NA
"267","Illmatic Records Inc ","1881 Yonge St, Toronto, ON M4S 3C4Get directions »","416-880-5800Primary",NA,NA
"268","Rogers Music Centre ","465 Rogers Rd, York, ON M6M 1A8Get directions »","416-651-3332Primary","www.rogersmusiccentre.com","4/5"
"269","Music school ORANTA ","45 Hellensfield Cres, Etobicoke, ON M9C 5E5Get directions »","416-554-5341Primary","www.musicorart.com",NA
"270","Up For Grabs ","380 Alliance Ave, York, ON M6N 2H8Get directions »","647-917-6998Primary",NA,NA
"271","D & H Hollywood Video ","6-1 Leaside Park Dr, Toronto, ON M4H 1R1Get directions »","416-467-0217Primary",NA,NA
"272","Coll Audio ","3595 St Clair Ave E, Scarborough, ON M1K 1L8Get directions »","416-264-1188Primary","www.collaudio.com",NA
"273","Sebastian Knox Woodwinds ","3-1228 St Clair Ave W, Toronto, ON M6E 1B7Get directions »","416-799-6157Primary",NA,NA
"274","Ital Record & Sport ","1339 St Clair Ave W, Toronto, ON M6E 1C3Get directions »","416-654-8272Primary",NA,NA
"275","Green Edge Products Inc ","1090 Aerowood Dr, Mississauga, ON L4W 1Y5Get directions »","1-800-566-8956Primary",NA,NA
"276","Carefusion Canada 307 Ulc ","1660 Tech Ave, Mississauga, ON L4W 5S7Get directions »","1-800-387-8309Primary",NA,NA
"277","Mobilespin Medical Ltd ","5500 Tomken Rd, Mississauga, ON L4W 2Z4Get directions »","905-206-1774Primary",NA,NA
"278","Justus League Records ","2842 Dundas St W, Toronto, ON M6P 1Y7Get directions »","416-436-7920Primary",NA,NA
"279","Junction Guitars ","2761 Dundas St W, Toronto, ON M6P 1Y4Get directions »","416-761-0056Primary",NA,"5/5"
"280","World Premiere Productions ","75 Eastdale Ave, East York, ON M4C 5N3Get directions »","647-609-2285Primary",NA,NA
"281","Sp Armow Wind Ontario Gp Inc ","55 Standish Crt, Mississauga, ON L5R 4B2Get directions »","905-501-5663Primary",NA,NA
"282","Music In The Wood Midnight Special Enterprises ","122 Main, Rockwood, ON N0B 2K0Get directions »","519-856-9266Primary",NA,NA
"283","Dougal & Company ","146 Millicent St, Toronto, ON M6H 1W4Get directions »","416-645-0295Primary","www.dougal.ca",NA
"284","Piano Haus ","5015 Maingate Dr Units 5-7, Mississauga, ON L4W 1G4Get directions »","289-232-5203Primary",NA,NA
"285","Long & McQuade Musical Instruments ","30 Arrow Rd, Guelph, ON N1K 1S6Get directions »","519-763-5301Primary, 519-763-8219Fax","long-mcquade.com",NA
"286","Long & Mcquade Ltd ","30 Arrow Rd, Guelph, ON N1K 1S6Get directions »","519-763-5301Primary",NA,NA
"287","The Twelfth Fret ","2132 Danforth Ave, Toronto, ON M4C 1J9Get directions »","416-423-2132Primary","www.12fret.com",NA
"288","Taplin-Weir ","1434A Danforth Ave, Toronto, ON M4J 1N4Get directions »","647-351-8181Primary",NA,NA
"289","Kops Records ","1811 Danforth Ave, Toronto, ON M4C 1J2Get directions »","647-347-0095Primary","kopsrecords.ca",NA
"290","Circus Books & Music ","866 Danforth Ave, Toronto, ON M4J 1L7Get directions »","416-925-6116Primary","www.circusbooksandmusic.com",NA
"291","Mike's Music ","105 Danforth Ave, Toronto, ON M4K 1N2Get directions »","character(0",NA,NA
"292","Tundra Music ","587 Jones Ave, Toronto, ON M4J 3H4Get directions »","416-222-8222Primary","www.tundramusic.com","3/5"
"293","Song & Script ","2 Bloor St W, Toronto, ON M4W 3E2Get directions »","416-923-3044Primary",NA,NA
"294","Song & Script Music Store ","2 Bloor W, TorontoGet directions »","416-923-3044Primary","songandscript.ca",NA
"295","Kops Records ","592 Bloor St W, Toronto, ON M6G 1K4Get directions »","647-352-8523Primary",NA,NA
"296","Geneohm Sciences Canada ","2100 Derry Rd W, Mississauga, ON L5N 0B3Get directions »","905-288-6095Primary",NA,NA
"297","Long & McQuade ","925 Bloor St W, Toronto, ON M6H 1L5Get directions »","416-535-8215Primary","www.long-mcquade.com",NA
"298","Long & McQuade Musical Instruments ","925 Bloor St W, Toronto, ON M6H 1L5Get directions »","416-588-7886Primary, 416-532-9708Fax",NA,"4/5"
"299","Long & McQuade Downtown Store ","925 Bloor St W, Toronto, ON M6H 1L5Get directions »","416-588-0855Primary",NA,NA
"300","Long & McQuade Downtown Store ","925 Bloor St W, Toronto, ON M6H 1L5Get directions »","416-588-7886Primary",NA,NA
"301","Katherine Ramseyer Piano Studio ","1-3804 Bloor St W, Etobicoke, ON M9B 6C2Get directions »","416-232-1972Primary","www.pianolessonsetobicoke.com","5/5"
"302","Zoinks Music & Books ","1019 Bloor St W, Toronto, ON M6H 1M1Get directions »","416-913-8827Primary","www.zoinks.ca",NA
"303","Dead Dog Records ","1209 Bloor St W, Toronto, ON M6H 1N4Get directions »","647-748-0748Primary","deaddogrecords.ca","5/5"
"304","Cabin Fever Collective ","1669 Bloor St W, Toronto, ON M6P 1A6Get directions »","416-531-4563Primary","www.facebook.com",NA
"305","Lindeblad Piano Toronto ","100-2430 Meadowpine Blvd, Mississauga, ON L5N 6S2Get directions »","1-888-587-4266Primary",NA,NA
"306","Second Avenue Records ","12 Aldergrove Ave, Toronto, ON M4C 1B2Get directions »","416-686-1616Primary","www.secondavenue.ca",NA
"307","G E Medical Systems Service ","2300 Meadowvale Blvd, Mississauga, ON L5N 5P9Get directions »","905-567-9444Primary",NA,NA
"308","LP's LPS ","2227 Dundas St W, Toronto, ON M6R 1X6Get directions »","416-671-0420Primary",NA,NA
"309","Hudson's Music ","55 Barondale Dr, Mississauga, ON L4Z 3P9Get directions »","647-448-6667Primary","www.hudsonmusic.com",NA
"310","Tonality ","2168 Dundas St W, Toronto, ON M6R 1X3Get directions »","416-532-8808Primary",NA,NA
"311","Second Vinyl ","10 Wellesley St W, Toronto, ON M4Y 1E7Get directions »","416-520-1199Primary",NA,NA
"312","Saved By Technology ","10 Breadalbane St, Toronto, ON M4Y 1C3Get directions »","416-928-6434Primary, 416-928-0262Fax","www.savedbytechnology.com",NA
"313","Sunrise Records ","250 The East Mall Hwy, Toronto, ON M9B 3Y8Get directions »","416-236-9891Primary","www.sunriserecords.com",NA
"314","She Said Boom Records Books ","393 Roncesvalles Ave, Toronto, ON M6R 2N1Get directions »","416-531-6843Primary","www.shesaidboom.ca",NA
"315","Metro Sound & Music ","486 Yonge St, Toronto, ON M4Y 1X5Get directions »","416-972-7433Primary","www.facebook.com",NA
"316","Metro Sound & Music ","486 Yonge St, Toronto, ON M4Y 1X5Get directions »","416-921-4270Primary",NA,NA
"317","The Sound Post ","93 Grenville St, Toronto, ON M5S 1B4Get directions »","416-971-6990Primary, 1-800-363-1512Tollfree","www.thesoundpost.com",NA
"318","The Emmet Ray ","924 College St, Toronto, ON M6H 1A4Get directions »","416-792-4497Primary","www.theemmetray.com",NA
"319","Beach Sound Records and Cds ","898 Kingston Rd, Toronto, ON M4E 1S5Get directions »","647-409-1838Primary",NA,NA
"320","June Records ","662 College St, Toronto, ON M6G 1B8Get directions »","416-516-5863Primary","junerecords.ca",NA
"321","Rocco & Virginia Mastrangelo Building Account ","604 College St, Toronto, ON M6G 1B4Get directions »","416-534-6121Primary","www.mastersvideoproduction.com.au",NA
"322","Soundscapes ","572 College St, Toronto, ON M6G 1B3Get directions »","416-537-1620Primary","www.soundscapesmusic.com",NA
"323","She Said Boom Records & Books ","372 College St, Toronto, ON M5T 1S6Get directions »","416-944-3224Primary","www.shesaidboom.ca",NA
"324","Scarboro Music Co Ltd ","1051 Kingston Rd, Toronto, ON M4E 1T5Get directions »","416-699-8333Primary","www.scarboromusic.com",NA
"325","Neurotica Records And Cds ","567 College St, Toronto, ON M6G 3W9Get directions »","416-603-7796Primary",NA,"5/5"
"326","Adrian Raso Oa ","15 Chapel Lane, Guelph, ON N1H 2N4Get directions »","519-837-3729Primary","www.adrianraso.net",NA
"327","Maharani Emporium ","1417 Gerrard St E, Toronto, ON M4L 1Z7Get directions »","416-466-4486Primary",NA,NA
"328","Indian Record Shop ","1417 Gerrard St E, Toronto, ON M4L 1Z7Get directions »","416-463-6671Primary",NA,NA
"329","Good Music ","1611 Dundas St W, Toronto, ON M6K 1T9Get directions »","416-506-4663Primary","goodmusicallday.com",NA
"330","Bedlam Music Inc ","290 Gerrard St E, Toronto, ON M5A 2G4Get directions »","416-585-2644Primary",NA,NA
"331","Paul's Boutique ","69 Nassau St, Toronto, ON M5T 1M6Get directions »","416-603-9477Primary",NA,NA
"332","Around Again ","18 Baldwin St, Toronto, ON M5T 1L2Get directions »","416-979-2822Primary","www.aroundagainrecords.ca",NA
"333","Play De Record Inc ","357 Yonge St, Toronto, ON M5B 1S1Get directions »","416-586-0380Primary","playderecord.com",NA
"334","Melodic Music Centre ","3234 Wharton Way, Mississauga, ON L4X 2C1Get directions »","905-268-0539Primary",NA,NA
"335","Shortstack Records ","778 Dundas Street West, Toronto, ON M6J 1V1Get directions »","416-205-9191Primary","shortstackrecords.com",NA
"336","Grasshopper Records ","1167 Dundas St W, Toronto, ON M6J 1X3Get directions »","416-534-0180Primary","grasshopperrecords.ca",NA
"337","Papelaria Portugal ","220 Ossington Ave, Toronto, ON M6J 2Z9Get directions »","416-537-3730Primary",NA,NA
"338","Second Vinyl ","415 Dundas St W, Toronto, ON M5T 1G6Get directions »","416-977-1609Primary",NA,NA
"339","The Beat Goes On ","23 Wellington St E, Guelph, ON N1H 3R7Get directions »","519-823-5341Primary","www.beatgoeson.com",NA
"340","Rotate This ","186 Ossington Ave, Toronto, ON M6J 2Z7Get directions »","416-504-8447Primary","www.rotate.com","4/5"
"341","Dr Philip Kwok ","280 Spadina Av, Toronto, ON M5T 3A5Get directions »","416-596-8524Primary","www.hmv.ca",NA
"342","Paramusic ","68 Dundas St E, Toronto, ON M5B 1C7Get directions »","416-599-4255Primary",NA,NA
"343","Department of Lost Records ","46 Essex St, Guelph, ON N1H 3K8Get directions »","519-803-9605Primary",NA,NA
"344","Doisy Enterprises Inc. ","6045 Creditview Rd, Mississauga, ON L5V 2A8Get directions »","905-267-2384Primary",NA,NA
"345","Sonic Boom Music ","215 Spadina Ave, Toronto, ON M5T 2C7Get directions »","416-532-0334Primary","sonicboommusic.com","5/5"
"346","In The Groove ","1174 Queen St E, Toronto, ON M4M 1L4Get directions »","416-461-1942Primary","inthegrooverecords.com","4.7/5"
"347","Tiny Record Shop ","804 Queen St E, Toronto, ON M4M 1H7Get directions »","416-479-4363Primary","www.tinyrecordshop.com",NA
"348","Steve's Music Store ","415 Queen St W, Toronto, ON M5V 2A5Get directions »","416-593-8888Primary","www.stevesmusic.com",NA
"349","Cosmos West Records ","652 Queen St W, Toronto, ON M6J 1E5Get directions »","416-861-9228Primary","www.cosmosrecords.ca",NA
"350","Bedlam Music ","864 Eastern Ave, Toronto, ON M4L 1A3Get directions »","416-792-7285Primary",NA,NA
"351","Lil'Demon Guitar Pro Shop ","1594 Queen St W, Toronto, ON M6R 1A8Get directions »","416-530-1766Primary",NA,NA
"352","Parkdale Platters ","1614 Queen St W, Toronto, ON M6R 1A8Get directions »","647-267-4882Primary","www.facebook.com","5/5"
"353","Musideum ","401 Richmond St W, Toronto, ON M5V 3A8Get directions »","416-599-7323Primary","www.musideum.com",NA
"354","Chapters ","142 John St, Toronto, ON M5V 2E9Get directions »","416-595-7349Primary","www.chapters.indigo.ca",NA
"355","Instinct Entertainment ","20 Maud St, Toronto, ON M5V 2M5Get directions »","416-214-0076Primary","www.facebook.com",NA
"356","Accordiodoc ","21 London Green Crt, Toronto, ON M3N 1K3Get directions »","416-398-8896Primary","gmmusicalservice.com",NA
"357","Piano Rules ","2309-1900 Sheppard Ave E, Toronto, ON M2J 4T4Get directions »","416-756-0007Primary","www.pianorules.com",NA
"358","Pinoy T.O. ","26 Whitburn Cres, Toronto, ON M3M 2S2Get directions »","416-636-7071Primary",NA,NA
"359","Tanya's Music Studio ","704-15 Tangreen Crt, Toronto, ON M2M 3Z2Get directions »","647-946-9041Primary",NA,NA
"360","National Academy Of Music ","1001-45 Kingsbridge Garden Cir, Mississauga, ON L5R 3K4Get directions »","905-502-5494Primary",NA,NA
"361","Club Bass ","698 The Queensway, Etobicoke, ON M8Y 1K9Get directions »","416-538-1685Primary","www.clubbass.ca","5/5"
"362","Select Distribution ","1-333 King St E, Toronto, ON M5A 3X5Get directions »","416-362-1167Primary","distributionselect.ca",NA
"363","Company X Audio Inc ","320-720 King St W, Toronto, ON M5V 2T3Get directions »","416-889-2723Primary",NA,NA
"364","The Guitar World ","6435 Erin Mills Pky, Mississauga, ON L5N 4H4Get directions »","905-858-9918Primary","www.theguitarworld.com",NA
"365","Urban Sound Exchange ","3100 Dixie Rd, Mississauga, ON L4Y 2A6Get directions »","905-272-3163Primary",NA,NA
"366","Open String ","1 Bushmills Cres, Guelph, ON N1K 1T5Get directions »","519-763-5493Primary","www.openstrings.ca",NA
"367","G Borland Design ","76 Park Lawn Rd, Toronto, ON M8Y 3H8Get directions »","416-538-3217Primary","www.gborland.com",NA
"368","Sunrise Records ","25 The Wes Mall, Etobicoke, ON M9C 1B8Get directions »","416-621-9681Primary",NA,NA
"369","Cooper Records ","Sherway Gardens, Etobicoke, ON M9C 1B8Get directions »","416-622-2313Primary",NA,NA
"370","HVM Canada ","25 The West Mall, Etobicoke, ON M9C 1B8Get directions »","416-695-3330Primary",NA,NA
"371","Culture Rising ","139 Queen St S, Mississauga, ON L5M 1K9Get directions »","905-826-9165Primary","www.culturerising.ca",NA
"372","Long & McQuade Musical Instruments ","7789 County Road 2, Cobourg, ON K9A 4J7Get directions »","905-373-1991Primary, 1-888-389-3337Tollfree, 905-373-1992Fax",NA,NA
"373","Sunrise Records ","100 City Centre Dr, Mississauga, ON L5B 2C9Get directions »","905-306-1233Primary",NA,NA
"374","My Movie Store ","966 Dundas St E, Mississauga, ON L4Y 4H5Get directions »","905-272-1164Primary",NA,NA
"375","Medident Supplies ","1477 Mississauga Valley Blvd, Mississauga, ON L5A 3Y4Get directions »","647-862-2248Primary",NA,NA
"376","Main Street Music ","3 Main St, Mississauga, ON L5M 1X4Get directions »","905-812-0101Primary","stringsattachedmusic.ca",NA
"377","Firefly Video ","4194 Hazineh Crt, Mississauga, ON L5B 3N6Get directions »","905-306-0373Primary",NA,NA
"378","Sunrise Records ","435 Stone Rd W, Guelph, ON N1G 2X6Get directions »","519-780-2667Primary",NA,NA
"379","Via Video International ","7-3355 Hurontario St, Mississauga, ON L5A 4E7Get directions »","905-270-1665Primary",NA,NA
"380","Cadentrix ","1229N North Service Rd, Mississauga, ON L4Y 1A8Get directions »","416-889-8786Primary",NA,NA
"381","Long & McQuade Musical Instruments ","900 Rathburn Rd W, Mississauga, ON L5C 4L3Get directions »","905-273-3939Primary, 905-273-5749Fax","long-mcquade.com","4.5/5"
"382","Drago Banjavcic ","5325 McFarren Blvd, Mississauga, ON L5M 6C2Get directions »","905-826-4330Primary",NA,NA
"383","Pro Rehearsal & Backline ","154 Islington Ave, Etobicoke, ON M8V 3B6Get directions »","416-693-1816Primary","www.prbcanada.com",NA
"384","Lee's Indusafety Supply Ltd ","3966 Teakwood Dr, Mississauga, ON L5C 3T5Get directions »","905-270-5009Primary",NA,NA
"385","Supereme ","205-3024 Hurontario St, Mississauga, ON L5B 4M4Get directions »","647-269-0650Primary",NA,NA
"386","Supereme ","205-3024 Hurontario St, Mississauga, ON L5B 4M4Get directions »","647-269-0650Primary",NA,NA
"387","GT Styles ","2545 Hurontario St, Mississauga, ON L5A 2G4Get directions »","905-306-0300Primary",NA,NA
"388","Bollywood Video ","3550 Wolfedale Rd, Mississauga, ON L5C 2V6Get directions »","905-949-8222Primary",NA,NA
"389","V Ision Express ","190 Clair Rd E, Guelph, ON N1L 0G6Get directions »","519-829-2020Primary","www.wellcharged.com",NA
"390","Movies 4 You ","2690 Erin Centre Blvd, Mississauga, ON L5M 5P5Get directions »","905-828-4832Primary",NA,NA
"391","The Beat Goes On ","402 King St N, Waterloo, ON N2J 2Z3Get directions »","519-884-7376Primary","www.beatgoeson.com",NA
"392","Richards Music House ","3092 Mavis Rd, Mississauga, ON L5C 1T8Get directions »","905-782-5086Primary",NA,"5/5"
"393","Can-Med Services ","3398 Sunlight St, Mississauga, ON L5M 0G9Get directions »","416-807-6160Primary",NA,NA
"394","Portuguese Music ","882 Consort Cres, Mississauga, ON L5C 1J9Get directions »","905-275-3595Primary",NA,NA
"395","CMA Music ","330 Laird Rd, Guelph, ON N1G 3X7Get directions »","519-826-9788Primary","www.cmamusic.ca",NA
"396","Get Loud Music ","721 MAIN ST E, Milton, ON L9T 3Z3Get directions »","905-203-3612Primary","www.getloudmusic.ca",NA
"397","Ric's Recollections ","257 Lakeshore Rd E, Mississauga, ON L5G 1G8Get directions »","905-891-1523Primary","ricrec.com",NA
"398","The Guitar Shop ","249 Lakeshore Road East, Mississauga, ON L5G 1G8Get directions »","905-274-5555Primary","www.theguitarshop.ca","5/5"
"399","L A Music.ca ","230 Lakeshore Rd E, Mississauga, ON L5G 1G7Get directions »","905-271-0303Primary","www.lamusic.ca","4/5"
"400","Long & McQuade Musical Instruments ","36 King St N, Waterloo, ON N2J 2W8Get directions »","519-885-4215Primary, 519-885-5669Fax",NA,"5/5"
"401","JFB Enterprises ","2198 Council Ring Rd, Mississauga, ON L5L 1B7Get directions »","416-346-6268Primary",NA,NA
"402","Vision Engineering Inc. ","491 Ennismore Pl, Waterloo, ON N2T 2G3Get directions »","519-888-6963Primary",NA,NA
"403","Bob's Guitar Service ","342 Victoria St N, Kitchener, ON N2H 5E2Get directions »","519-208-4663Primary","www.bobsguitarservice.com",NA
"404","Med Source ","2431 Mainroyal St, Mississauga, ON L5L 1E1Get directions »","416-303-9512Primary",NA,NA
"405","Riedstra's Violin Shop Inc ","239 Victoria St N, Kitchener, ON N2H 5C9Get directions »","519-743-3838Primary","www.riedstrasviolinshop.com",NA
"406","Steel Guitars Of Canada ","566 Dudley Rd RR 3, Colborne, ON K0K 1S0Get directions »","905-355-3056Primary","www.steelguitarcanada.com",NA
"407","Dartin Medical Systems Canada ","2129 Opal Crt, Mississauga, ON L5K 2S5Get directions »","905-403-8630Primary",NA,NA
"408","Gone Hollywood Videos ","44C-2225 Erin Mills Pky, Mississauga, ON L5K 1T8Get directions »","905-823-4176Primary",NA,NA
"409","Riley Music ","16 Charles St W, Kitchener, ON N2G 1H2Get directions »","519-741-1758Primary",NA,NA
"410","X-Disc-C Music Inc ","7 Moyer Pl, Kitchener, ON N2H 2S5Get directions »","519-585-0712Primary",NA,NA
"411","Migomi Corp ","300 Gage Ave, Kitchener, ON N2M 2C8Get directions »","519-579-8530Primary",NA,NA
"412","Club T Videos ","2155 Leanne Blvd, Mississauga, ON L5K 2K8Get directions »","905-823-5994Primary",NA,NA
"413","Trillium Sales ","24-3170 Ridgeway Dr, Mississauga, ON L5L 5R4Get directions »","905-607-6166Primary",NA,NA
"414","The Beat Goes On ","370 Highland Rd W, Kitchener, ON N2M 5J9Get directions »","519-744-1011Primary",NA,NA
"415","The Beat Goes On ","370 Highland Rd W, Kitchener, ON N2M 5J9Get directions »","519-579-8243Primary","www.facebook.com",NA
"416","Smart Home And Health ","26 Windward Pl, Kitchener, ON N2N 3H8Get directions »","519-212-1627Primary",NA,NA
"417","Angiodynamics Canada Inc ","2275 Upper Middle Rd E, Oakville, ON L6H 0C3Get directions »","905-491-6981Primary",NA,NA
"418","Airpower Productions ","297 Blackwell Dr, Kitchener, ON N2N 2T1Get directions »","519-584-1964Primary",NA,NA
"419","Sunrise Records ","2960 Kingsway Dr, Kitchener, ON N2C 1X1Get directions »","519-748-2230Primary",NA,NA
"420","Classical Guitars & Accessories ","B 8 Queen E, Cambridge, ON N3C 2A6Get directions »","519-651-0588Primary","www.sentex.ca",NA
"421","Eye3Concepts Inc ","2600 North Ridge Trail, Oakville, ON L6H 7L5Get directions »","416-722-3414Primary",NA,NA
"422","The Guitar World ","380 Dundas St E, Oakville, ON L6H 6Z9Get directions »","905-257-3110Primary","www.theguitarworldoakville.com",NA
"423","Video 99 ","2427 Trafalgar Rd, Oakville, ON L6H 6K7Get directions »","905-257-4839Primary",NA,NA
"424","Long & McQuade Musical Instruments ","28 Roy Blvd, Belleville, ON K8N 4Z5Get directions »","343-600-0124Primary",NA,NA
"425","SRC Music ","124 Moore St, Carleton Place, ON K7C 2P5Get directions »","613-253-0263Primary","www.srcmusic.ca",NA
"426","Insulet Canada Corporation ","201-1540 Cornwall Rd, Oakville, ON L6J 7W5Get directions »","289-863-1058Primary",NA,NA
"427","Audio Pod Inc ","27 Morgan's Grant Way, Kanata, ON K2K 2G2Get directions »","613-591-3688Primary",NA,NA
"428","Btg International Canada Inc ","11 Hines Rd, Kanata, ON K2K 2X1Get directions »","613-801-1880Primary",NA,NA
"429","Riverside Music ","16 Dundas St W, Trenton, ON K8V 6V9Get directions »","613-394-4891Primary","www.riversidemusic.com",NA
"430","The Beat Goes On ","415 Hespeler Rd, Cambridge, ON N1R 6J1Get directions »","519-622-7774Primary","www.beatgoeson.com",NA
"431","Sam The Record Man ","390 North Front St, Belleville, ON K8P 3E1Get directions »","613-966-4752Primary",NA,"5/5"
"432","Long & McQuade Musical Instruments ","1490 Dunbar Rd, Cambridge, ON N1R 6R3Get directions »","519-622-1970Primary, 519-622-1057Fax","www.murchmusic.com",NA
"433","Sunrise Records ","355 Hespeler Rd, Cambridge, ON N1R 6B3Get directions »","519-622-4768Primary",NA,NA
"434","McConville Guitars ","69 Waterloo St N, Stratford, ON N5A 5H8Get directions »","519-275-2188Primary",NA,NA
"435","Filsinger Music ","114 Ontario St, Stratford, ON N5A 3H2Get directions »","226-779-2072Primary",NA,NA
"436","Long & McQuade Musical Instruments ","36 Ontario St, Stratford, ON N5A 3G8Get directions »","519-271-9102Primary, 519-271-3665Fax","long-mcquade.com",NA
"437","The Beat Goes On ","320 North Service Rd W, Oakville, ON L6M 2S2Get directions »","905-337-1919Primary","beatgoeson.com","3/5"
"438","Arden's Music ","23 College St W, Belleville, ON K8P 2G3Get directions »","613-968-7725Primary, 1-888-771-9808Tollfree","www.ardensmusic.com",NA
"439","Diamond Dogs Vinyl ","90 Wellington St, Stratford, ON N5A 2L2Get directions »","226-972-5750Primary",NA,NA
"440","Mojo Music Inc ","461 North Service Rd W, Oakville, ON L6M 2V5Get directions »","905-842-2665Primary","www.mojomusic.ca",NA
"441","Gear Music ","324 Kerr St, Oakville, ON L6K 3B5Get directions »","905-339-3515Primary",NA,NA
"442","Mymusic.com ","499 Terry Fox Dr, Kanata, ON K2T 1H7Get directions »","613-271-9494Primary",NA,NA
"443","Harmony Music Plus ","76 Harriett St, Belleville, ON K8P 1V7Get directions »","613-968-9975Primary","www.harmonymusicplus.com","5/5"
"444","Recordings ","112 Kerr St, Oakville, ON L6K 3A5Get directions »","905-844-1913Primary",NA,NA
"445","Pinnacle Music Studios ","261 Front St N, Belleville, ON K8N 2Z6Get directions »","613-969-0050Primary","www.pinnaclemusicstudios.com",NA
"446","Chumleighs ","221 Front St, Belleville, ON K8N 2Z4Get directions »","613-968-2559Primary",NA,NA
"447","Chumleighs ","221 Front St, Belleville, ON K8N 2Z4Get directions »","613-968-5302Primary",NA,NA
"448","Garren's Guitar Rehab ","10-1244 Speers Rd, Oakville, ON L6L 2X4Get directions »","905-330-8774Primary",NA,NA
"449","Long & McQuade Musical Instruments ","4-66 Hearst Way, Kanata, ON K2L 2P4Get directions »","613-595-1035Primary, 613-595-1175Fax",NA,NA
"450","Breakout Escape ","114 Main St, Cambridge, ON N1R 1V7Get directions »","519-623-5625Primary",NA,NA
"451","Innovative Oncosolutions Inc ","228 Valleyview Crt, Oakville, ON L6L 5H8Get directions »","905-330-0458Primary",NA,NA
"452","Legacy Entertainment Inc ","4295 Couples Cres, Burlington, ON L7M 4Y8Get directions »","905-332-3322Primary",NA,NA
"453","Smartcone Technologies Inc ","139 Iber Rd, Stittsville, ON K2S 1E7Get directions »","613-986-1775Primary",NA,NA
"454","Legend Records ","300 Eagleson Rd, Kanata, ON K2M 1C9Get directions »","613-599-7007Primary",NA,NA
"455","Trend Radiology Inc ","300-1100 Burloak Dr, Burlington, ON L7L 6B2Get directions »","905-467-3982Primary",NA,NA
"456","Cole Clark Guitars, Private Collection ","325 St Dominic Cres, Oakville, ON L6L 3G8Get directions »","905-330-9354Primary",NA,NA
"457","Careline Group ","2881 Richmond Rd, Ottawa, ON K2B 8J5Get directions »","613-240-9382Primary",NA,NA
"458","Cédé Troqué ","190, boul Saint-Joseph, Gatineau, QC J8Y 3W9Get directions »","819-777-0311Primary","www.cedetroque.com",NA
"459","Greentec Medilogix Inc ","3520 Rébecca St, Oakville, ON L6L 6X9Get directions »","289-632-2036Primary",NA,NA
"460","Medtach Inc ","200-4145 North Service Rd, Burlington, ON L7L 6A3Get directions »","289-644-4985Primary",NA,NA
"461","Sunrise Records ","34-2121 Carling Ave, Ottawa, ON K2A 1S3Get directions »","613-792-3865Primary",NA,NA
"462","Long & McQuade Musical Instruments ","3180 Mainway Dr, Burlington, ON L7M 1A5Get directions »","905-319-3330Primary, 905-319-7921Fax","long-mcquade.com",NA
"463","Lauzon Music Centre ","1345 Wellington St W, Ottawa, ON K1Y 3B8Get directions »","613-725-1116Primary, 613-725-0390Fax","www.lauzonmusic.com",NA
"464","Zuchowicz String Instruments ","35 Kenora St, Ottawa, ON K1Y 3K7Get directions »","613-729-8956Primary",NA,NA
"465","Quotient Medical ","110-3365 Harvester Rd, Burlington, ON L7N 3N2Get directions »","416-843-6177Primary",NA,NA
"466","The Record Centre ","1099 Wellington St W, Ottawa, ON K1Y 2Y4Get directions »","613-695-4577Primary","www.therecordcentre.com",NA
"467","Audiovideo Centre ","1097 Wellington St W, Ottawa, ON K1Y 2Y4Get directions »","613-722-4128Primary",NA,"5/5"
"468","Dagaz Enterprises Inc. ","624 Wilene Crt, Burlington, ON L7L 2B5Get directions »","905-631-1220Primary",NA,NA
"469","M-Health Solutions Inc ","203-3190 Harvester Rd, Burlington, ON L7N 3T1Get directions »","289-636-0102Primary",NA,NA
"470","The Beat Goes On ","3350 Fairview St, Burlington, ON L7N 3L5Get directions »","905-633-9393Primary","www.beatgoeson.com",NA
"471","Simply Guitars ","1889 Baseline Rd, Ottawa, ON K2C 0C7Get directions »","613-224-1989Primary","www.simplyguitars.ca",NA
"472","Shoyo ","752 Somerset St W, Ottawa, ON K1R 6P8Get directions »","613-569-8898Primary",NA,NA
"473","Starstruck Entertainment ","777 Guelph Line, Burlington, ON L7R 3N2Get directions »","905-639-8289Primary",NA,NA
"474","Compact Music Inc ","206 Bank St, Ottawa, ON K2P 1W8Get directions »","613-688-2693Primary","www.facebook.com",NA
"475","Don't Fret Musical Instruments ","40 Mill N, Waterdown, ON L0R 2H0Get directions »","905-689-9898Primary","www.dontfretguitars.com","1/5"
"476","Safety Labs Inc ","20 Kentsdale Dr, Nepean, ON K2G 6K2Get directions »","613-800-9794Primary",NA,NA
"477","Sunrise Records ","777 Guelph Line, Burlington, ON L7R 3N2Get directions »","905-637-8352Primary","www.sunriserecords.com",NA
"478","Vertigo Records ","193 Rideau St, Ottawa, ON K1N 5X8Get directions »","613-241-1011Primary","www.vertigorecords.ca","4/5"
"479","The Turning Point ","411 Cooper St, Ottawa, ON K2P 0H1Get directions »","613-230-4586Primary","www.turningpointmusic.ca",NA
"480","Spaceman Music ","388 Gladstone Ave, Ottawa, ON K2P 0Z1Get directions »","613-594-5323Primary","www.spacemanmusic.com",NA
"481","Mcquade Project Management ","563 Catherine St, Burlington, ON L7N 2R9Get directions »","905-681-7452Primary",NA,NA
"482","Dave's Drum Shop ","270 Catherine St, Ottawa, ON K1R 5T3Get directions »","613-594-3786Primary","davesdrumshop.com",NA
"483","Birdman Sound ","593 Bank St, Ottawa, ON K1S 3T4Get directions »","613-233-0999Primary","www.birdmansound.com",NA
"484","Campbell Douglas Keyboards Ltd ","1547 Merivale Rd, Nepean, ON K2G 4V3Get directions »","613-225-0666Primary","campbelldouglaskeyboards.com",NA
"485","Don't Fret Musical Instruments ","2446 New St, Burlington, ON L7R 1J6Get directions »","905-333-8337Primary","www.dontfretguitars.com","1/5"
"486","Metro Music ","695 Bank St, Ottawa, ON K1S 3T8Get directions »","613-233-9688Primary","metromusicottawa.ca",NA
"487","Isotope Music Inc ","4-1440 Grahams Lane, Burlington, ON L7S 1W3Get directions »","905-333-3001Primary","www.espaceprana.ca",NA
"488","Compact Music Inc ","785A Bank St, Ottawa, ON K1S 3V5Get directions »","613-233-8922Primary","compactmusic.ca",NA
"489","Polaris Medical Inc ","2114 New St, Burlington, ON L7R 1H8Get directions »","905-333-0407Primary",NA,NA
"490","Analog Audio Amplification ","9-437 Martha St, Burlington, ON L7R 2P6Get directions »","416-841-6236Primary","www.analogamps.com",NA
"491","Screamin' Mimi's ","501 Brant St, Burlington, ON L7R 2G5Get directions »","905-634-8252Primary",NA,NA
"492","SunnySide Music School ","1111 Bank St, Ottawa, ON K1S 3X4Get directions »","613-730-2887Primary","www.ottawafolklore.com",NA
"493","Golden Horseshoe Media Distribution ","307-551 Maple Ave, Burlington, ON L7S 1M7Get directions »","905-631-6116Primary","www.amazon.ca",NA
"494","Arta Entertainment ","425 McArthur Ave, Ottawa, ON K1K 1G5Get directions »","613-746-3079Primary",NA,NA
"495","Cyclomedica Canada Limited ","615 Old York Rd, Burlington, ON L7P 4Y6Get directions »","905-319-9610Primary",NA,NA
"496","Miracle-Ear Canada Ltd ","195 Plains Rd E, Burlington, ON L7T 2C4Get directions »","289-812-2269Primary","miracle-ear.ca",NA
"497","Intercontinental Music ","610 Donald St, Ottawa, ON K1K 1L4Get directions »","613-748-9891Primary",NA,"1.3/5"
"498","Zap & Zoom Video ","3023 Cedarview Rd, Nepean, ON K2J 4A8Get directions »","613-823-4647Primary",NA,NA
"499","Alora Inc ","800 Glenwood Ave, Burlington, ON L7T 2J9Get directions »","905-467-4779Primary",NA,NA
"500","Banger's Rock Shop ","2581 Traverse Dr, Ottawa, ON K1V 8B4Get directions »","613-668-1920Primary",NA,NA
"501","Videodoc ","4309 Halmont Dr, Gloucester, ON K1J 8W6Get directions »","819-319-3159Primary",NA,NA
"502","Steinway Piano Gallery ","1481A Innes Rd, Gloucester, ON K1B 1C5Get directions »","613-842-8388Primary, 1-844-826-8882Tollfree",NA,NA
"503","Long & McQuade Musical Instruments ","1193 Hunt Club Rd, Ottawa, ON K1V 8S4Get directions »","613-521-0917Primary, 613-521-5790Fax","www.facebook.com",NA
"504","Records On Wheels ","34 King St E, Dundas, ON L9H 1B8Get directions »","905-627-7706Primary",NA,NA
"505","Fire Etc ","17 Alpenglow Pvt, Nepean, ON K2G 6W8Get directions »","613-843-0528Primary",NA,NA
"506","Medigas ","900-900 Ages Dr, Ottawa, ON K1G 6B3Get directions »","613-737-7711Primary, 613-737-6363Fax","medigas.com",NA
"507","Ottawa Music Academy ","200-2 Lorry Greenberg Dr, Ottawa, ON K1G 5H6Get directions »","613-739-5757Primary","www.ottawamusicacademy.com",NA
"508","Music Tools Etc ","1591 Kingsdale Ave, Gloucester, ON K1T 1H3Get directions »","613-733-1926Primary",NA,NA
"509","Jedco Inc ","6095 Ridgelea Pl, Orléans, ON K1C 5P9Get directions »","613-297-3777Primary",NA,NA
"510","Into The Abyss ","119 Locke St S, Hamilton, ON L8P 4A7Get directions »","905-518-7609Primary",NA,NA
"511","Picks And Sticks Music ","140 Locke St S, Hamilton, ON L8P 4A9Get directions »","905-528-6058Primary",NA,"5/5"
"512","Audionote Kits Ltd ","885 Sandy Forest Pl, Gloucester, ON K1V 1P1Get directions »","613-822-9399Primary",NA,NA
"513","Cheapies Records & Tapes ","67 King St E, Hamilton, ON L8N 1A5Get directions »","905-523-0296Primary","www.cheapiesrecords.com","1/5"
"514","Tundra Music ","257 King St E, Hamilton, ON L8N 1B9Get directions »","289-389-8882Primary",NA,NA
"515","The Acoustic Room ","144 James St S, Hamilton, ON L8P 3A2Get directions »","905-524-0101Primary",NA,NA
"516","Armellini Music ","687 Barton St E, Hamilton, ON L8L 3A5Get directions »","905-741-5643Primary",NA,NA
"517","Jillard Guitars ","62 1/2 Stirton St, Hamilton, ON L8L 6E9Get directions »","416-206-1054Primary",NA,NA
"518","Smart Pedals For Drums ","2A-829 King St E, Hamilton, ON L8M 1B1Get directions »","905-545-0992Primary","www.homestead.com",NA
"519","Crash Landing Music Store ","1189 Cannon St E, Hamilton, ON L8L 2K2Get directions »","905-548-0039Primary","www.facebook.com",NA
"520","Anne Cure Violins ","6601 des Chouettes Lane, Orleans, ON K1C 6N4Get directions »","613-824-3343Primary","www.annecureviolins.com",NA
"521","Revolution Records ","166 Ottawa St N, Hamilton, ON L8H 3Z3Get directions »","289-389-7746Primary",NA,"5/5"
"522","Blouin Guitars ","6208 Malakoff Rd, Richmond, ON K0A 2Z0Get directions »","613-292-5657Primary",NA,NA
"523","Value Plus ","1143 Main St E, Hamilton, ON L8M 1P2Get directions »","905-297-8538Primary",NA,NA
"524","Starrfan Music ","106 Winterhaven Dr, Orléans, ON K1W 0H3Get directions »","613-834-8436Primary",NA,NA
"525","Dbvinyl.Com Lp Records ","48 Caroga Crt, Hamilton, ON L9C 7M2Get directions »","905-574-0081Primary",NA,NA
"526","Labworks ","567 Tourelle Dr, Orléans, ON K4A 3H6Get directions »","613-841-8846Primary",NA,NA
"527","M E S Music Equipment Sales Ltd ","34 Parkdale Ave N, Hamilton, ON L8H 5W8Get directions »","905-545-0404Primary","www.mesonline.com",NA
"528","Lou's Music & Sound ","108 Queenston Rd, Hamilton, ON L8K 1G2Get directions »","905-297-0882Primary","www.lousmusic.com",NA
"529","Musicians Webstore ","14 Hester St, Hamilton, ON L9A 2N2Get directions »","1-888-849-9021Primary, 905-574-9212If-Busy-Call",NA,NA
"530","Long & McQuade Musical Instruments ","2444 Barton St E, Hamilton, ON L8E 2W7Get directions »","905-538-0247Primary",NA,NA
"531","Kishs Guitar Repairs ","587 East 27Th St, Hamilton, ON L8V 3H4Get directions »","289-380-4867Primary",NA,NA
"532","James & Saunders ","1-800 Queenston Rd, Hamilton, ON L8G 1A7Get directions »","905-664-2985Primary",NA,NA
"533","Mountain Music ","705 Mohawk Rd E, Hamilton, ON L8T 2P7Get directions »","905-574-2800Primary","www.mountainmusic.ca",NA
"534","Mountain Music ","705 Mohawk Rd E, Hamilton, ON L8T 2P7Get directions »","905-574-2809Primary","www.mountainmusic.ca",NA
"535","Sunrise Records ","999 Upper Wentworth St, Hamilton, ON L9A 4X5Get directions »","905-385-2325Primary",NA,NA
"536","Music Express Canada ","42 Easton Rd, Brantford, ON N3P 1J5Get directions »","226-922-1890Primary","www.facebook.com",NA
"537","Amplified Audio ","1017 Mohawk Rd E, Hamilton, ON L8T 2R9Get directions »","289-244-1807Primary",NA,NA
"538","Sunrise Records ","84 Lynden Rd, Brantford, ON N3R 6B8Get directions »","519-756-8722Primary",NA,NA
"539","Fair Video ","8-25 Redmond Dr, Hamilton, ON L8W 3K7Get directions »","905-318-1848Primary",NA,NA
"540","Surreal Disc Repair ","12-225 Fairview Dr, Brantford, ON N3R 7E3Get directions »","519-754-7653Primary",NA,NA
"541","Long & McQuade Musical Instruments ","20 Finkle St, Woodstock, ON N4S 3C6Get directions »","519-539-7371Primary",NA,NA
"542","Music Magic Studio-Voice Piano Theory ","5 Parkvista Pl, Stoney Creek, ON L8J 3S5Get directions »","905-902-0010Primary",NA,NA
"543","Beamsville Music ","8-4520 Ontario St, Beamsville, ON L0R 1B5Get directions »","905-324-5121Primary","www.beamsvillemusic.com",NA
"544","Long & McQuade Musical Instruments ","1057 Midland Ave, Kingston, ON K7P 2X8Get directions »","613-384-9225Primary, 1-855-588-6519Tollfree, 613-384-9227Fax",NA,"3/5"
"545","Archeoptix Biomedical Inc ","3-745 Development Dr, (Suite B), Kingston, ON K7M 4W6Get directions »","613-484-0817Primary",NA,NA
"546","Caledonia Music Ctre ","62 Argyle St N Store, Caledonia, ON N3W 1B9Get directions »","905-765-3334Primary","www.caledoniamusiccentre.ca",NA
"547","Second Chance Records ","2-14 Caithness St E, Caledonia, ON N3W 1L4Get directions »","905-746-3335Primary",NA,"5/5"
"548","Warren's Church Organ Sales Ltd ","126 Glenburnie Cres, London, ON N5X 2A3Get directions »","519-659-0692Primary",NA,NA
"549","Danzer's guitar shop reparateur ","109 Lake St, St Catharines, ON L2R 5X7Get directions »","819-598-2741Primary",NA,NA
"550","Neurosource ","1357 Erindale Cres, London, ON N5X 1V8Get directions »","519-670-4451Primary",NA,NA
"551","Dunbar Bagpipes ","64-113 Cushman Rd, St Catharines, ON L2M 6S9Get directions »","905-646-2388Primary, 1-844-646-2388Tollfree, 905-646-2396Fax","www.dunbarbagpipes.com",NA
"552","Rock My House ","669 South Gower Dr, Kemptville, ON K0G 1J0Get directions »","613-258-5656Primary",NA,NA
"553","Long & McQuade Musical Instruments ","41 Geneva St, St Catharines, ON L2R 4M5Get directions »","905-684-2961Primary, 905-684-6160Fax",NA,NA
"554","Niagara Conservatory Of Music ","23 Centre St, St Catharines, ON L2R 3A8Get directions »","289-438-8599Primary","www.niagaraconservatory.com","3.5/5"
"555","Niagara Records ","377 St. Paul St, St Catharines, ON L2R 3N1Get directions »","905-228-0036Primary",NA,NA
"556","Mindbomb Records ","27 James St, St Catharines, ON L2R 5B9Get directions »","289-362-0505Primary","www.mindbombrecords.com","5/5"
"557","Munky's Music Workshop ","187 Casterton Ave, Kingston, ON K7M 1R9Get directions »","613-876-3613Primary","www.youtube.com",NA
"558","Sunrise Records ","1680 Richmond St, London, ON N6G 3Y9Get directions »","519-661-0942Primary",NA,NA
"559","Sunrise Records (1993) Inc ","1680 Richmond, London, ON N6G 3Y9Get directions »","519-673-4646Primary",NA,NA
"560","Ultrasound Services Inc ","43 Carriage Hill Cres, London, ON N5X 3W8Get directions »","519-859-9140Primary",NA,NA
"561","Michael Yearsley ","206 Concession St, Kingston, ON K7K 2B5Get directions »","613-546-9999Primary","www.yearslaw.com",NA
"562","The Guitar Loft Music Studio ","123 Griffin St N, Smithville, ON L0R 2A0Get directions »","905-957-5638Primary","www.theguitarloftmusicstudio.com","5/5"
"563","Video Kingdom ","472 Division St, Kingston, ON K7K 4B1Get directions »","613-531-3329Primary",NA,NA
"564","LifeLike BioTissue ","112-700 Collip Cir, London, ON N6G 4X8Get directions »","519-858-5033Primary, 416-519-6702Alternate 1",NA,NA
"565","Adeiss ","149-800 Collip Cir, London, ON N6G 4X8Get directions »","519-858-5097Primary",NA,NA
"566","Cyocaddy Inc ","105-100 Collip Cir, London, ON N6G 4X8Get directions »","519-639-2796Primary",NA,NA
"567","Long & McQuade Musical Instruments ","725 Fanshawe Park Rd W, London, ON N6G 5B4Get directions »","519-439-0101Primary, 1-888-668-7459Tollfree, 519-439-0037Fax, 519-439-2000Alternate 1",NA,"2/5"
"568","The Harp Nest ","266 Blackacres Blvd, London, ON N6G 2V1Get directions »","519-933-6089Primary","theharpnest.ca",NA
"569","Jumbo Video ","168 Division St, Kingston, ON K7L 3M6Get directions »","613-531-5862Primary",NA,NA
"570","Videoland ","336 Barrie St, Kingston, ON K7K 3T1Get directions »","613-542-9450Primary",NA,NA
"571","Zap Records New & Used Buy & Sell ","340 Princess St, Kingston, ON K7L 1B6Get directions »","613-547-9949Primary","www.facebook.com",NA
"572","Sunrise Records ","221 Glendale Ave, St Catharines, ON L2T 2K9Get directions »","905-682-7729Primary",NA,"4/5"
"573","Direct Video ","20-520 First St, London, ON N5V 3C6Get directions »","519-659-3912Primary",NA,NA
"574","Hawes Drums ","1560 Dundas St, London, ON N5W 3C1Get directions »","226-973-7341Primary",NA,NA
"575","Rankin Sound ","75 Queen St, Kingston, ON K7K 1A5Get directions »","613-453-0512Primary",NA,NA
"576","Kingston Guitar Shop ","95 Clarence St, Kingston, ON K7L 1X2Get directions »","613-531-2710Primary","www.coolguitars.ca",NA
"577","Ware William R-Violins Ltd ","14 Metamora Cres, London, ON N6G 1R3Get directions »","519-472-2359Primary",NA,NA
"578","Thorold Music ","1-289 Glendale Ave, St Catharines, ON L2T 2L4Get directions »","905-227-2472Primary, 905-227-2480Fax","www.thoroldmusic.com","5/5"
"579","Titan Custom Built Guitars ","649 Central Ave, London, ON N5W 3P7Get directions »","519-933-8408Primary",NA,NA
"580","Odyssey Records ","613 Dundas St, London, ON N5W 2Z1Get directions »","416-937-0637Primary",NA,NA
"581","Mike's Music ","9 Pine St N, Thorold, ON L2V 3Z9Get directions »","905-227-7941Primary",NA,NA
"582","Tom Daley ","1355 Upper's Ln, Thorold, ONGet directions »","905-680-6759Primary",NA,NA
"583","Aerial Vision ","203 Edinburgh St, London, ON N6H 1L9Get directions »","519-670-5592Primary, 226-777-2026Alternate 1, 226-777-2172Alternate 2",NA,NA
"584","John Bellone Musical Instruments ","446 York St, London, ON N6B 1R2Get directions »","519-673-1411Primary",NA,"4/5"
"585","Hand Piece Dental Solutions ","886 Blacksmith St, London, ON N6H 5R5Get directions »","519-494-5515Primary",NA,NA
"586","Sunrise Records ","209 Dundas St, London, ON N6A 1G4Get directions »","519-642-2257Primary",NA,NA
"587","Dundas Discs ","175A Dundas St, London, ON N6A 1G4Get directions »","519-850-4663Primary","www.facebook.com","5/5"
"588","Dundas Discs ","177 Dundas St, London, ON N6A 1G4Get directions »","226-271-1553Primary",NA,NA
"589","Mikael Urban Enterprises Boutique ","438 Hamilton Rd, London, ON N5Z 1R9Get directions »","519-204-8247Primary",NA,NA
"590","Music Aid ","311 Horton St E, London, ON N6B 1L5Get directions »","519-433-3343Primary","www.musicaid.com","5/5"
"591","Don'T Fret Guitar Works ","31 Smith Rd Rr 8, Oxford Station, ON K0G 1T0Get directions »","613-324-9869Primary","www.dontfretguitarworks.com","5/5"
"592","Global Village Video & Dvd ","134 Wortley Rd, London, ON N6C 3N8Get directions »","519-438-9485Primary",NA,NA
"593","The Village Idiot ","135 Wortley Rd, London, ON N6C 3P4Get directions »","519-434-9594Primary",NA,"5/5"
"594","Power City Music & Sound ","3022 Saint Andrew Ave, Niagara Falls, ON L2J 2R6Get directions »","905-374-3456Primary","www.computerswapshop.com",NA
"595","Jumbo Video ","11 Base Line Rd E, London, ON N6C 5Z8Get directions »","519-645-0036Primary",NA,NA
"596","Murphy's Music ","6011 Thorold Stone Rd, Niagara Falls, ON L2J 1A4Get directions »","905-374-7196Primary","www.murphysmusic.ca",NA
"597","LCCM ","206-312 Commissioners Rd W, London, ON N6J 1Y3Get directions »","226-785-0605Primary",NA,NA
"598","Violin Atelier Schmidt ","15 Compton Cres, London, ON N6C 4E9Get directions »","226-234-5443Primary",NA,NA
"599","RSW Guitars ","110 Tufton Pl, London, ON N6C 4W9Get directions »","519-701-0558Primary",NA,NA
"600","Rockys Guitar Exchange ","750 Wonderland Rd S, London, ON N6K 4K4Get directions »","519-282-7106Primary",NA,NA
"601","AJ's Music ","4582 Queen St, Niagara Falls, ON L2E 2L6Get directions »","905-356-7695Primary","www.ajsmusic.ca",NA
"602","Gilpin Guitars ","43 Hart Cres, London, ON N6E 3A3Get directions »","519-686-7895Primary",NA,NA
"603","Sunrise Records ","1105 Wellington Rd, London, ON N6E 1V4Get directions »","519-649-4493Primary",NA,NA
"604","The Beat Goes On ","1120 Wellington Rd, London, ON N6E 1M2Get directions »","519-681-9996Primary",NA,NA
"605","Downtown Sound Again ","29 Front St W, Strathroy, ON N7G 1X5Get directions »","519-246-1636Primary","dsound.webhop.net",NA
"606","Long & McQuade Musical Instruments ","20 Meg Dr, London, ON N6E 2X9Get directions »","519-681-0014Primary","www.long-mcquade.com",NA
"607","Long & McQuade Musical Instruments ","20 Meg Dr, London, ON N6E 2X9Get directions »","519-433-2434Primary","long-mcquade.com",NA
"608","Perfuse Medtech Inc ","4 Selden Crt, London, ON N6P 1C6Get directions »","1-888-244-5579Primary",NA,NA
"609","Long & Mcquade Music ","20 Brock St E, Tillsonburg, ON N4G 1Z5Get directions »","519-842-7811Primary",NA,"5/5"
"610","Central Music ","252 East Main St, Welland, ON L3B 3W9Get directions »","905-732-4885Primary",NA,"4.1/5"
"611","All You Need Music ","3-555 California Ave, Brockville, ON K6V 7N5Get directions »","613-342-0471Primary",NA,"4.3/5"
"612","Mr C's Gift Of Music ","3-7712 Kent Blvd, Brockville, ON K6V 7H6Get directions »","613-342-7377Primary","www.mrcsmusic.ca","5/5"
"613","Cheeky Monkey ","130 Christina St N, Sarnia, ON N7T 5T6Get directions »","519-332-0978Primary","www.cheekymonkey.ca","5/5"
"614","Kelly's Of Simcoe ","49 Peel St, Simcoe, ON N3Y 1S3Get directions »","519-426-3913Primary",NA,NA
"615","Al's Piano Shop ","4718 4th Concession Rd, Prescott, ON K0E 1T0Get directions »","613-925-0124Primary",NA,NA
"616","L'Escale Musique ","254 James St, Hawkesbury, ON K6A 1S8Get directions »","613-632-3097Primary","www.facebook.com",NA
"617","Bobby Lalonde Music ","1002 Main St E, Hawkesbury, ON K6A 1B7Get directions »","613-636-1100Primary",NA,"5/5"
"618","Rainbow Music ","1418 Pitt St, Cornwall, ON K6J 3T8Get directions »","613-932-8603Primary","www.rainbowmusicshop.com",NA
"619","Strung Out Guitars ","601 Montreal Rd, Cornwall, ON K6H 1C3Get directions »","613-938-3738Primary","www.strungoutguitars.ca",NA
"620","The Gear Box ","751 James St, Wallaceburg, ON N8A 2P4Get directions »","519-627-9942Primary",NA,NA
"621","Music Exchange ","1542 Dufferin Ave, Wallaceburg, ON N8A 2W9Get directions »","519-627-6717Primary",NA,NA
"622","Tony's One Stop Music Shoppe ","83 Centre St, Chatham, ON N7M 4W3Get directions »","519-351-4885Primary",NA,"5/5"
"623","Vinyl Room (The) ","325 Queen St, Chatham, ON N7M 2H7Get directions »","519-351-2727Primary",NA,NA
"624","Canadian Music Distributor ","5869 Tecumseh Rd E, Windsor, ON N8T 1E1Get directions »","519-800-3274Primary","www.canadianmusicdistributor.ca",NA
"625","Jr Management LLC Canada ","1639 St Luke Rd, Windsor, ON N8Y 3N4Get directions »","226-246-2641Primary","www.jrmanagementllc.com",NA
"626","Olympic Records ","3331 Tecumseh Rd E, Windsor, ON N8W 1H4Get directions »","519-944-5442Primary, 519-791-9917If-Busy-Call",NA,NA
"627","Video Ayoub ","254 Wyandotte St E, Windsor, ON N9A 3H4Get directions »","519-258-9248Primary",NA,NA
"628","Long & McQuade Musical Instruments ","1801 Walker Rd, Windsor, ON N8W 3P3Get directions »","519-252-3442Primary, 519-252-4002Fax",NA,"3/5"
"629","Long & McQuade Musical Instruments ","1801 Walker Rd, Windsor, ON N8W 3P3Get directions »","519-258-1522Primary",NA,NA
"630","Never Ending Music ","3381 Walker Rd, Windsor, ON N8W 3R9Get directions »","519-972-0547Primary",NA,NA
"631","Sunrise Records ","3100 Howard Ave, Windsor, ON N8X 3Y8Get directions »","519-967-1806Primary",NA,NA
"632","Big House Music School Of Rock ","3020 Dougall Ave, Windsor, ON N9E 1S4Get directions »","519-564-7091Primary",NA,NA
"633","Videos & More ","47 Arthur Ave, Essex, ON N8M 2N1Get directions »","519-776-4002Primary",NA,NA
"634","Justin Bornais Piano ","778 Second Conc Rr 3, Amherstburg, ON N9V 3R3Get directions »","226-346-1753Primary",NA,NA
"635","The Lesson Lounge Music Store ","4-120 Erie St S, ON N8H 3B3Get directions »","226-783-1902Primary",NA,NA
"636","Major Chord Music Store & Studio Ltd ","1894 Talbot Rd, Ruthven, ON N0P 2G0Get directions »","519-322-0802Primary",NA,NA
"637","Rebel Cowboy Music ","49 Main St E, Kingsville, ON N9Y 1A1Get directions »","519-997-7777Primary",NA,NA
"638","Backstage Music Store ","106-215 Red River Rd, Thunder Bay, ON P7B 1A5Get directions »","807-767-1173Primary",NA,NA
"639","Ed's Pawn Shop ","244 Bay St, Thunder Bay, ON P7B 1R3Get directions »","807-344-3341Primary",NA,NA
"640","Hard Copy Records and Merchandise Inc ","270C Bay St, Thunder Bay, ON P7B 1R5Get directions »","807-344-7625Primary",NA,NA
"641","Bedlam ","178 Algoma St S, Thunder Bay, ON P7B 3B9Get directions »","807-577-7473Primary",NA,NA
"642","Academy Of Musical Arts (Valente's) ","201 Syndicate Ave S, Thunder Bay, ON P7E 1E1Get directions »","807-623-9361Primary","www.valentesmusic.com",NA
"643","Northern Sounds & Systems ","40 Matheson St S, Kenora, ON P9N 1T6Get directions »","807-468-1777Primary",NA,NA
"644","Long & McQuade Musical Instruments ","13785 104th Avenue, Surrey, BC V3T 1W6Get directions »","604-588-9421Primary, 604-588-9420Fax","long-mcquade.com",NA
"645","Sense Jobs ","2100-200 Burrard St, Vancouver, BC V6C 2G8Get directions »","778-724-0108Primary, 1-877-556-5268Tollfree",NA,NA
"646","The Rock Shop ","ON","905-973-4702Primary",NA,NA
"647","Sunrise Records ","1000 Fort William Rd","807-345-2112Primary",NA,NA
"648","Tundra Music ","Pickering, ON L1V 1R8","905-492-2642Primary",NA,NA
"649","DartRecordsMusic ","character(0)","647-206-8401Primary",NA,NA
"650","Coll Audio ","ON","905-696-6829Primary","collaudio.com",NA
"651","Erie Music ","ON","519-426-5947Primary","www.facebook.com",NA
"652","Classic Recordings ","ON Z6Z 6Z6","416-287-9682Primary","www.classicrecordings.ca",NA
"653","Piano Showcase ","2189 Lancaster Cres, ON L7P 3G4","905-315-7184Primary","plus.google.com",NA
"654","Davis Guitars ","Windsor, ON N0R 1K0","519-560-1692Primary","www.kerrydavisguitars.com",NA
"655","Schwartz Guitars ","2717 Concession Road 5, Beeton, ON","905-729-0024Primary","www.schwartzguitars.com",NA
"656","Intense Records ","ON","905-712-3647Primary",NA,NA
"657","CH Records ","ON","905-593-9979Primary",NA,NA
"658","Kmart Electroics ","ON","416-845-4173Primary",NA,NA
"659","Simply Music ","ON","416-671-6093Primary",NA,NA
"660","Heritage Music ","ON","416-265-4778Primary",NA,NA
"661","CJC Music ","character(0)","416-721-7162Primary",NA,NA
"662","Guitar Clinic ","ON","905-528-5667Fax",NA,NA
"663","Dickert Guitars ","ON","905-315-9779Primary",NA,NA
"664","Black Duck Entertainment ","ON","289-427-6208Primary","blackduck.ca",NA
"665","SHIV Sound Crew ","Z6Z 6Z6","647-988-4775Primary",NA,NA
"666","Whirl Records Canada ","59 Polonia Park Pl, Windsor, ON N8Y 4V6","519-915-2027Primary","www.whirlrecordscanada.com",NA
"667","Tune Up Music ","ON","416-778-6933Primary",NA,NA
"668","Custom Guitar Shop ","Windsor, N9A 5B8","519-253-6245Primary",NA,NA
"669","Toronto Jazz Collective ","Toronto, ON M4K 3S7","416-294-6544Primary",NA,"3/5"
"670","Royal City Records ","ON","226-343-7284Primary",NA,NA
"671","Rock My House ","ON","613-864-1304Primary",NA,NA
"672","Epic Musical Instruments ","ON","905-515-6198Primary",NA,NA
"673","Avian Guitars Canada ","Oakville, ON","289-400-7529Primary, 1-800-805-6244Tollfree, 905-827-4998Fax",NA,NA
"674","DJ's Aussies ","Napanee, ON","613-929-6941Primary",NA,NA
"675","Shaman Stone Records ","ON","705-222-5646Primary",NA,NA
"676","Tapio's Piano Service ","ON","416-804-5280Primary","tapios.ca",NA
"677","Kevin James - Music Emporium ","ON","343-333-4906Primary","kevinjamesmusicemporium.ca",NA
"678","Ruckus Rehearsal & Recording ","character(0)","647-284-2964Primary","rehearsalspacetoronto.ca",NA
"679","Our Favourite Shop Records ","ON","289-990-4688Primary","ourfavouriteshop.wix.com",NA
"680","Sunny's Vinyl Inc ","character(0)","905-791-0005Primary",NA,NA
"681","Dot on Shaft Guitars ","Barrie, ON L4N 7J2","705-812-1061Primary",NA,NA
"682","Harmony Sales & Rental ","ON","705-360-8150Primary",NA,NA
"683","Basement Production 416718 Records ","ON","519-900-0255Primary",NA,NA
"684","Piano Gallery Michael Ierullo ","Bolton, ON L7E 5B1","905-857-5124Primary",NA,NA
"685","The Custom Guitar Shop ","ON","905-335-0659Primary",NA,NA
"686","Don't Fret Guitar Lessons ","ON","705-645-1112Primary",NA,NA
"687","O R Specialty Products Inc ","Buckhorn, ON K0L 1J0","705-657-8033Primary",NA,NA
"688","Colosimo Music Store & Studio ","ON","807-344-9561Primary",NA,NA
"689","All In One ","ON","289-700-7072Primary",NA,NA
"690","Sonotechnique PJL Inc ","character(0)","416-947-9112Primary","www.sonotechnique.ca",NA
"691","Sunrise Records & Tapes ","Toronto Eaton Centre, Toronto, ON","416-593-7989Primary","sunriserecords.com",NA
"692","Sunrise Record Distributo ","ON","416-494-5330Primary","www.sunriserecords.com",NA
